PDB File,Solubility Score,Sequence,Length,Lys+Arg/Len,Asp+Glu/Len,Asp+Glu+Lys+Arg/Len,Phe+Tyr+Trp/Len
A0A140NA,107,QRDIEYSGQYSKDVKLAQKRHKDMNKLKYLMTLLINNTLPLPAVYKDHPLQGSWKGYRDAHVEPDWILIYKLTDKLLRFERTGTHAALFG,90,0.167,0.111,0.278,0.111
B7MIY4,23,QRDIEYSGQYSKDVKLAQKRHKDMNKLKYLMTLLINNTLPLPAVYKDHPLQGSWKGYRDAHVEPDWILIYKLTDKLLRFERTGTHAALFG,208,0.12,0.115,0.235,0.082
D3QT67,77,QRDIEYSGQYSKDVKLAQKRHKDMNKLKYLMTLLINNTLPLPAVYKDHPLQGSWKGYRDAHVEPDWILIYKLTDKLLRFERTGTHAALFG,97,0.124,0.165,0.289,0.103
P00370,22,QRDIEYSGQYSKDVKLAQKRHKDMNKLKYLMTLLINNTLPLPAVYKDHPLQGSWKGYRDAHVEPDWILIYKLTDKLLRFERTGTHAALFG,442,0.1,0.111,0.211,0.081
P00452,63,QRDIEYSGQYSKDVKLAQKRHKDMNKLKYLMTLLINNTLPLPAVYKDHPLQGSWKGYRDAHVEPDWILIYKLTDKLLRFERTGTHAALFG,734,0.109,0.121,0.23,0.099
P00811,26,QRDIEYSGQYSKDVKLAQKRHKDMNKLKYLMTLLINNTLPLPAVYKDHPLQGSWKGYRDAHVEPDWILIYKLTDKLLRFERTGTHAALFG,358,0.089,0.081,0.17,0.103
P00816,52,QRDIEYSGQYSKDVKLAQKRHKDMNKLKYLMTLLINNTLPLPAVYKDHPLQGSWKGYRDAHVEPDWILIYKLTDKLLRFERTGTHAALFG,155,0.116,0.142,0.258,0.065
P00861,67,QRDIEYSGQYSKDVKLAQKRHKDMNKLKYLMTLLINNTLPLPAVYKDHPLQGSWKGYRDAHVEPDWILIYKLTDKLLRFERTGTHAALFG,421,0.078,0.116,0.194,0.067
P00894,15,QRDIEYSGQYSKDVKLAQKRHKDMNKLKYLMTLLINNTLPLPAVYKDHPLQGSWKGYRDAHVEPDWILIYKLTDKLLRFERTGTHAALFG,163,0.135,0.129,0.264,0.037
P00914,2,QRDIEYSGQYSKDVKLAQKRHKDMNKLKYLMTLLINNTLPLPAVYKDHPLQGSWKGYRDAHVEPDWILIYKLTDKLLRFERTGTHAALFG,469,0.107,0.113,0.22,0.102
P00934,18,QRDIEYSGQYSKDVKLAQKRHKDMNKLKYLMTLLINNTLPLPAVYKDHPLQGSWKGYRDAHVEPDWILIYKLTDKLLRFERTGTHAALFG,428,0.091,0.124,0.215,0.084
P00935,45,QRDIEYSGQYSKDVKLAQKRHKDMNKLKYLMTLLINNTLPLPAVYKDHPLQGSWKGYRDAHVEPDWILIYKLTDKLLRFERTGTHAALFG,384,0.091,0.109,0.2,0.062
P00962,30,QRDIEYSGQYSKDVKLAQKRHKDMNKLKYLMTLLINNTLPLPAVYKDHPLQGSWKGYRDAHVEPDWILIYKLTDKLLRFERTGTHAALFG,540,0.122,0.144,0.266,0.098
P02924,87,QRDIEYSGQYSKDVKLAQKRHKDMNKLKYLMTLLINNTLPLPAVYKDHPLQGSWKGYRDAHVEPDWILIYKLTDKLLRFERTGTHAALFG,305,0.125,0.134,0.259,0.075
P03023,32,QRDIEYSGQYSKDVKLAQKRHKDMNKLKYLMTLLINNTLPLPAVYKDHPLQGSWKGYRDAHVEPDWILIYKLTDKLLRFERTGTHAALFG,300,0.077,0.09,0.167,0.033
P03819,34,QRDIEYSGQYSKDVKLAQKRHKDMNKLKYLMTLLINNTLPLPAVYKDHPLQGSWKGYRDAHVEPDWILIYKLTDKLLRFERTGTHAALFG,776,0.043,0.054,0.097,0.041
P04036,94,QRDIEYSGQYSKDVKLAQKRHKDMNKLKYLMTLLINNTLPLPAVYKDHPLQGSWKGYRDAHVEPDWILIYKLTDKLLRFERTGTHAALFG,272,0.099,0.136,0.235,0.051
P04425,77,QRDIEYSGQYSKDVKLAQKRHKDMNKLKYLMTLLINNTLPLPAVYKDHPLQGSWKGYRDAHVEPDWILIYKLTDKLLRFERTGTHAALFG,314,0.118,0.15,0.268,0.076
P04995,11,QRDIEYSGQYSKDVKLAQKRHKDMNKLKYLMTLLINNTLPLPAVYKDHPLQGSWKGYRDAHVEPDWILIYKLTDKLLRFERTGTHAALFG,469,0.109,0.139,0.248,0.104
P05041,82,QRDIEYSGQYSKDVKLAQKRHKDMNKLKYLMTLLINNTLPLPAVYKDHPLQGSWKGYRDAHVEPDWILIYKLTDKLLRFERTGTHAALFG,451,0.084,0.126,0.21,0.086
P05050,18,QRDIEYSGQYSKDVKLAQKRHKDMNKLKYLMTLLINNTLPLPAVYKDHPLQGSWKGYRDAHVEPDWILIYKLTDKLLRFERTGTHAALFG,203,0.103,0.079,0.182,0.099
P05458,66,QRDIEYSGQYSKDVKLAQKRHKDMNKLKYLMTLLINNTLPLPAVYKDHPLQGSWKGYRDAHVEPDWILIYKLTDKLLRFERTGTHAALFG,937,0.111,0.124,0.235,0.091
P05804,46,QRDIEYSGQYSKDVKLAQKRHKDMNKLKYLMTLLINNTLPLPAVYKDHPLQGSWKGYRDAHVEPDWILIYKLTDKLLRFERTGTHAALFG,603,0.091,0.133,0.224,0.113
P06149,79,QRDIEYSGQYSKDVKLAQKRHKDMNKLKYLMTLLINNTLPLPAVYKDHPLQGSWKGYRDAHVEPDWILIYKLTDKLLRFERTGTHAALFG,559,0.106,0.127,0.233,0.079
P06616,92,QRDIEYSGQYSKDVKLAQKRHKDMNKLKYLMTLLINNTLPLPAVYKDHPLQGSWKGYRDAHVEPDWILIYKLTDKLLRFERTGTHAALFG,292,0.137,0.134,0.271,0.062
P06709,38,QRDIEYSGQYSKDVKLAQKRHKDMNKLKYLMTLLINNTLPLPAVYKDHPLQGSWKGYRDAHVEPDWILIYKLTDKLLRFERTGTHAALFG,317,0.091,0.104,0.195,0.06
P06715,67,QRDIEYSGQYSKDVKLAQKRHKDMNKLKYLMTLLINNTLPLPAVYKDHPLQGSWKGYRDAHVEPDWILIYKLTDKLLRFERTGTHAALFG,448,0.094,0.121,0.215,0.076
P06721,28,QRDIEYSGQYSKDVKLAQKRHKDMNKLKYLMTLLINNTLPLPAVYKDHPLQGSWKGYRDAHVEPDWILIYKLTDKLLRFERTGTHAALFG,391,0.087,0.107,0.194,0.084
P06968,97,QRDIEYSGQYSKDVKLAQKRHKDMNKLKYLMTLLINNTLPLPAVYKDHPLQGSWKGYRDAHVEPDWILIYKLTDKLLRFERTGTHAALFG,136,0.074,0.11,0.184,0.059
P06988,91,QRDIEYSGQYSKDVKLAQKRHKDMNKLKYLMTLLINNTLPLPAVYKDHPLQGSWKGYRDAHVEPDWILIYKLTDKLLRFERTGTHAALFG,433,0.088,0.115,0.203,0.048
P06999,84,QRDIEYSGQYSKDVKLAQKRHKDMNKLKYLMTLLINNTLPLPAVYKDHPLQGSWKGYRDAHVEPDWILIYKLTDKLLRFERTGTHAALFG,309,0.081,0.11,0.191,0.036
P07013,72,QRDIEYSGQYSKDVKLAQKRHKDMNKLKYLMTLLINNTLPLPAVYKDHPLQGSWKGYRDAHVEPDWILIYKLTDKLLRFERTGTHAALFG,99,0.101,0.061,0.162,0.04
P07024,77,QRDIEYSGQYSKDVKLAQKRHKDMNKLKYLMTLLINNTLPLPAVYKDHPLQGSWKGYRDAHVEPDWILIYKLTDKLLRFERTGTHAALFG,525,0.112,0.137,0.249,0.088
P07813,93,QRDIEYSGQYSKDVKLAQKRHKDMNKLKYLMTLLINNTLPLPAVYKDHPLQGSWKGYRDAHVEPDWILIYKLTDKLLRFERTGTHAALFG,859,0.102,0.135,0.237,0.095
P07862,97,QRDIEYSGQYSKDVKLAQKRHKDMNKLKYLMTLLINNTLPLPAVYKDHPLQGSWKGYRDAHVEPDWILIYKLTDKLLRFERTGTHAALFG,306,0.082,0.124,0.206,0.069
P08179,98,QRDIEYSGQYSKDVKLAQKRHKDMNKLKYLMTLLINNTLPLPAVYKDHPLQGSWKGYRDAHVEPDWILIYKLTDKLLRFERTGTHAALFG,209,0.086,0.12,0.206,0.077
P08192,85,QRDIEYSGQYSKDVKLAQKRHKDMNKLKYLMTLLINNTLPLPAVYKDHPLQGSWKGYRDAHVEPDWILIYKLTDKLLRFERTGTHAALFG,414,0.085,0.123,0.208,0.068
P08200,96,QRDIEYSGQYSKDVKLAQKRHKDMNKLKYLMTLLINNTLPLPAVYKDHPLQGSWKGYRDAHVEPDWILIYKLTDKLLRFERTGTHAALFG,416,0.115,0.144,0.259,0.075
P08337,108,QRDIEYSGQYSKDVKLAQKRHKDMNKLKYLMTLLINNTLPLPAVYKDHPLQGSWKGYRDAHVEPDWILIYKLTDKLLRFERTGTHAALFG,129,0.116,0.163,0.279,0.101
P09030,24,QRDIEYSGQYSKDVKLAQKRHKDMNKLKYLMTLLINNTLPLPAVYKDHPLQGSWKGYRDAHVEPDWILIYKLTDKLLRFERTGTHAALFG,268,0.127,0.149,0.276,0.101
P09099,10,QRDIEYSGQYSKDVKLAQKRHKDMNKLKYLMTLLINNTLPLPAVYKDHPLQGSWKGYRDAHVEPDWILIYKLTDKLLRFERTGTHAALFG,484,0.079,0.103,0.182,0.068
P09147,10,QRDIEYSGQYSKDVKLAQKRHKDMNKLKYLMTLLINNTLPLPAVYKDHPLQGSWKGYRDAHVEPDWILIYKLTDKLLRFERTGTHAALFG,338,0.089,0.112,0.201,0.083
P09148,61,QRDIEYSGQYSKDVKLAQKRHKDMNKLKYLMTLLINNTLPLPAVYKDHPLQGSWKGYRDAHVEPDWILIYKLTDKLLRFERTGTHAALFG,347,0.095,0.118,0.213,0.104
P09155,19,QRDIEYSGQYSKDVKLAQKRHKDMNKLKYLMTLLINNTLPLPAVYKDHPLQGSWKGYRDAHVEPDWILIYKLTDKLLRFERTGTHAALFG,375,0.101,0.133,0.234,0.085
P09394,39,QRDIEYSGQYSKDVKLAQKRHKDMNKLKYLMTLLINNTLPLPAVYKDHPLQGSWKGYRDAHVEPDWILIYKLTDKLLRFERTGTHAALFG,328,0.119,0.159,0.278,0.116
P0A6B7,37,QRDIEYSGQYSKDVKLAQKRHKDMNKLKYLMTLLINNTLPLPAVYKDHPLQGSWKGYRDAHVEPDWILIYKLTDKLLRFERTGTHAALFG,391,0.12,0.136,0.256,0.066
P0A6C1,14,QRDIEYSGQYSKDVKLAQKRHKDMNKLKYLMTLLINNTLPLPAVYKDHPLQGSWKGYRDAHVEPDWILIYKLTDKLLRFERTGTHAALFG,285,0.095,0.137,0.232,0.084
P0A6C8,81,QRDIEYSGQYSKDVKLAQKRHKDMNKLKYLMTLLINNTLPLPAVYKDHPLQGSWKGYRDAHVEPDWILIYKLTDKLLRFERTGTHAALFG,256,0.086,0.109,0.195,0.027
P0A6D3,61,QRDIEYSGQYSKDVKLAQKRHKDMNKLKYLMTLLINNTLPLPAVYKDHPLQGSWKGYRDAHVEPDWILIYKLTDKLLRFERTGTHAALFG,427,0.089,0.112,0.201,0.066
P0A6D5,84,QRDIEYSGQYSKDVKLAQKRHKDMNKLKYLMTLLINNTLPLPAVYKDHPLQGSWKGYRDAHVEPDWILIYKLTDKLLRFERTGTHAALFG,286,0.091,0.122,0.213,0.08
P0A6E4,19,QRDIEYSGQYSKDVKLAQKRHKDMNKLKYLMTLLINNTLPLPAVYKDHPLQGSWKGYRDAHVEPDWILIYKLTDKLLRFERTGTHAALFG,444,0.104,0.137,0.241,0.086
P0A6F1,60,QRDIEYSGQYSKDVKLAQKRHKDMNKLKYLMTLLINNTLPLPAVYKDHPLQGSWKGYRDAHVEPDWILIYKLTDKLLRFERTGTHAALFG,379,0.092,0.119,0.211,0.069
P0A6I0,86,QRDIEYSGQYSKDVKLAQKRHKDMNKLKYLMTLLINNTLPLPAVYKDHPLQGSWKGYRDAHVEPDWILIYKLTDKLLRFERTGTHAALFG,223,0.117,0.143,0.26,0.045
P0A6I3,40,QRDIEYSGQYSKDVKLAQKRHKDMNKLKYLMTLLINNTLPLPAVYKDHPLQGSWKGYRDAHVEPDWILIYKLTDKLLRFERTGTHAALFG,308,0.117,0.127,0.244,0.097
P0A6I6,94,QRDIEYSGQYSKDVKLAQKRHKDMNKLKYLMTLLINNTLPLPAVYKDHPLQGSWKGYRDAHVEPDWILIYKLTDKLLRFERTGTHAALFG,157,0.089,0.102,0.191,0.076
P0A6K3,67,QRDIEYSGQYSKDVKLAQKRHKDMNKLKYLMTLLINNTLPLPAVYKDHPLQGSWKGYRDAHVEPDWILIYKLTDKLLRFERTGTHAALFG,165,0.145,0.194,0.339,0.03
P0A6L4,16,QRDIEYSGQYSKDVKLAQKRHKDMNKLKYLMTLLINNTLPLPAVYKDHPLQGSWKGYRDAHVEPDWILIYKLTDKLLRFERTGTHAALFG,295,0.095,0.112,0.207,0.081
P0A6M4,38,QRDIEYSGQYSKDVKLAQKRHKDMNKLKYLMTLLINNTLPLPAVYKDHPLQGSWKGYRDAHVEPDWILIYKLTDKLLRFERTGTHAALFG,145,0.103,0.138,0.241,0.069
P0A6N4,109,QRDIEYSGQYSKDVKLAQKRHKDMNKLKYLMTLLINNTLPLPAVYKDHPLQGSWKGYRDAHVEPDWILIYKLTDKLLRFERTGTHAALFG,134,0.097,0.149,0.246,0.119
P0A6Q3,66,QRDIEYSGQYSKDVKLAQKRHKDMNKLKYLMTLLINNTLPLPAVYKDHPLQGSWKGYRDAHVEPDWILIYKLTDKLLRFERTGTHAALFG,166,0.12,0.12,0.24,0.102
P0A6R0,92,QRDIEYSGQYSKDVKLAQKRHKDMNKLKYLMTLLINNTLPLPAVYKDHPLQGSWKGYRDAHVEPDWILIYKLTDKLLRFERTGTHAALFG,317,0.076,0.114,0.19,0.057
P0A6R3,110,QRDIEYSGQYSKDVKLAQKRHKDMNKLKYLMTLLINNTLPLPAVYKDHPLQGSWKGYRDAHVEPDWILIYKLTDKLLRFERTGTHAALFG,89,0.135,0.079,0.214,0.056
P0A6W5,87,QRDIEYSGQYSKDVKLAQKRHKDMNKLKYLMTLLINNTLPLPAVYKDHPLQGSWKGYRDAHVEPDWILIYKLTDKLLRFERTGTHAALFG,157,0.121,0.191,0.312,0.051
P0A6Y1,23,QRDIEYSGQYSKDVKLAQKRHKDMNKLKYLMTLLINNTLPLPAVYKDHPLQGSWKGYRDAHVEPDWILIYKLTDKLLRFERTGTHAALFG,94,0.17,0.138,0.308,0.064
P0A715,30,QRDIEYSGQYSKDVKLAQKRHKDMNKLKYLMTLLINNTLPLPAVYKDHPLQGSWKGYRDAHVEPDWILIYKLTDKLLRFERTGTHAALFG,284,0.102,0.113,0.215,0.067
P0A722,22,QRDIEYSGQYSKDVKLAQKRHKDMNKLKYLMTLLINNTLPLPAVYKDHPLQGSWKGYRDAHVEPDWILIYKLTDKLLRFERTGTHAALFG,262,0.095,0.103,0.198,0.061
P0A725,17,QRDIEYSGQYSKDVKLAQKRHKDMNKLKYLMTLLINNTLPLPAVYKDHPLQGSWKGYRDAHVEPDWILIYKLTDKLLRFERTGTHAALFG,300,0.11,0.133,0.243,0.093
P0A729,84,QRDIEYSGQYSKDVKLAQKRHKDMNKLKYLMTLLINNTLPLPAVYKDHPLQGSWKGYRDAHVEPDWILIYKLTDKLLRFERTGTHAALFG,192,0.115,0.135,0.25,0.062
P0A731,112,QRDIEYSGQYSKDVKLAQKRHKDMNKLKYLMTLLINNTLPLPAVYKDHPLQGSWKGYRDAHVEPDWILIYKLTDKLLRFERTGTHAALFG,148,0.068,0.095,0.163,0.068
P0A749,64,QRDIEYSGQYSKDVKLAQKRHKDMNKLKYLMTLLINNTLPLPAVYKDHPLQGSWKGYRDAHVEPDWILIYKLTDKLLRFERTGTHAALFG,418,0.108,0.122,0.23,0.043
P0A752,89,QRDIEYSGQYSKDVKLAQKRHKDMNKLKYLMTLLINNTLPLPAVYKDHPLQGSWKGYRDAHVEPDWILIYKLTDKLLRFERTGTHAALFG,213,0.085,0.122,0.207,0.089
P0A763,65,QRDIEYSGQYSKDVKLAQKRHKDMNKLKYLMTLLINNTLPLPAVYKDHPLQGSWKGYRDAHVEPDWILIYKLTDKLLRFERTGTHAALFG,142,0.099,0.127,0.226,0.092
P0A772,101,QRDIEYSGQYSKDVKLAQKRHKDMNKLKYLMTLLINNTLPLPAVYKDHPLQGSWKGYRDAHVEPDWILIYKLTDKLLRFERTGTHAALFG,131,0.13,0.107,0.237,0.099
P0A784,104,QRDIEYSGQYSKDVKLAQKRHKDMNKLKYLMTLLINNTLPLPAVYKDHPLQGSWKGYRDAHVEPDWILIYKLTDKLLRFERTGTHAALFG,180,0.111,0.167,0.278,0.089
P0A786,79,QRDIEYSGQYSKDVKLAQKRHKDMNKLKYLMTLLINNTLPLPAVYKDHPLQGSWKGYRDAHVEPDWILIYKLTDKLLRFERTGTHAALFG,310,0.087,0.103,0.19,0.068
P0A796,77,QRDIEYSGQYSKDVKLAQKRHKDMNKLKYLMTLLINNTLPLPAVYKDHPLQGSWKGYRDAHVEPDWILIYKLTDKLLRFERTGTHAALFG,320,0.113,0.138,0.251,0.069
P0A799,100,QRDIEYSGQYSKDVKLAQKRHKDMNKLKYLMTLLINNTLPLPAVYKDHPLQGSWKGYRDAHVEPDWILIYKLTDKLLRFERTGTHAALFG,386,0.114,0.142,0.256,0.057
P0A7A5,15,QRDIEYSGQYSKDVKLAQKRHKDMNKLKYLMTLLINNTLPLPAVYKDHPLQGSWKGYRDAHVEPDWILIYKLTDKLLRFERTGTHAALFG,207,0.111,0.116,0.227,0.058
P0A7A9,93,QRDIEYSGQYSKDVKLAQKRHKDMNKLKYLMTLLINNTLPLPAVYKDHPLQGSWKGYRDAHVEPDWILIYKLTDKLLRFERTGTHAALFG,173,0.098,0.162,0.26,0.092
P0A7D7,50,QRDIEYSGQYSKDVKLAQKRHKDMNKLKYLMTLLINNTLPLPAVYKDHPLQGSWKGYRDAHVEPDWILIYKLTDKLLRFERTGTHAALFG,236,0.144,0.174,0.318,0.089
P0A7E1,13,QRDIEYSGQYSKDVKLAQKRHKDMNKLKYLMTLLINNTLPLPAVYKDHPLQGSWKGYRDAHVEPDWILIYKLTDKLLRFERTGTHAALFG,335,0.113,0.11,0.223,0.063
P0A7E3,72,QRDIEYSGQYSKDVKLAQKRHKDMNKLKYLMTLLINNTLPLPAVYKDHPLQGSWKGYRDAHVEPDWILIYKLTDKLLRFERTGTHAALFG,213,0.113,0.141,0.254,0.094
P0A7F3,117,QRDIEYSGQYSKDVKLAQKRHKDMNKLKYLMTLLINNTLPLPAVYKDHPLQGSWKGYRDAHVEPDWILIYKLTDKLLRFERTGTHAALFG,153,0.124,0.124,0.248,0.052
P0A7I7,103,QRDIEYSGQYSKDVKLAQKRHKDMNKLKYLMTLLINNTLPLPAVYKDHPLQGSWKGYRDAHVEPDWILIYKLTDKLLRFERTGTHAALFG,172,0.093,0.14,0.233,0.07
P0A7Y4,73,QRDIEYSGQYSKDVKLAQKRHKDMNKLKYLMTLLINNTLPLPAVYKDHPLQGSWKGYRDAHVEPDWILIYKLTDKLLRFERTGTHAALFG,155,0.135,0.123,0.258,0.084
P0A7Z0,94,QRDIEYSGQYSKDVKLAQKRHKDMNKLKYLMTLLINNTLPLPAVYKDHPLQGSWKGYRDAHVEPDWILIYKLTDKLLRFERTGTHAALFG,196,0.066,0.107,0.173,0.031
P0A805,110,QRDIEYSGQYSKDVKLAQKRHKDMNKLKYLMTLLINNTLPLPAVYKDHPLQGSWKGYRDAHVEPDWILIYKLTDKLLRFERTGTHAALFG,185,0.178,0.178,0.356,0.027
P0A817,48,QRDIEYSGQYSKDVKLAQKRHKDMNKLKYLMTLLINNTLPLPAVYKDHPLQGSWKGYRDAHVEPDWILIYKLTDKLLRFERTGTHAALFG,383,0.099,0.138,0.237,0.076
P0A823,20,QRDIEYSGQYSKDVKLAQKRHKDMNKLKYLMTLLINNTLPLPAVYKDHPLQGSWKGYRDAHVEPDWILIYKLTDKLLRFERTGTHAALFG,234,0.111,0.115,0.226,0.085
P0A836,68,QRDIEYSGQYSKDVKLAQKRHKDMNKLKYLMTLLINNTLPLPAVYKDHPLQGSWKGYRDAHVEPDWILIYKLTDKLLRFERTGTHAALFG,388,0.106,0.126,0.232,0.054
P0A855,32,QRDIEYSGQYSKDVKLAQKRHKDMNKLKYLMTLLINNTLPLPAVYKDHPLQGSWKGYRDAHVEPDWILIYKLTDKLLRFERTGTHAALFG,415,0.077,0.08,0.157,0.087
P0A858,97,QRDIEYSGQYSKDVKLAQKRHKDMNKLKYLMTLLINNTLPLPAVYKDHPLQGSWKGYRDAHVEPDWILIYKLTDKLLRFERTGTHAALFG,255,0.094,0.122,0.216,0.051
P0A870,85,QRDIEYSGQYSKDVKLAQKRHKDMNKLKYLMTLLINNTLPLPAVYKDHPLQGSWKGYRDAHVEPDWILIYKLTDKLLRFERTGTHAALFG,316,0.12,0.146,0.266,0.073
P0A877,86,QRDIEYSGQYSKDVKLAQKRHKDMNKLKYLMTLLINNTLPLPAVYKDHPLQGSWKGYRDAHVEPDWILIYKLTDKLLRFERTGTHAALFG,268,0.09,0.108,0.198,0.071
P0A884,6,QRDIEYSGQYSKDVKLAQKRHKDMNKLKYLMTLLINNTLPLPAVYKDHPLQGSWKGYRDAHVEPDWILIYKLTDKLLRFERTGTHAALFG,263,0.095,0.129,0.224,0.11
P0A892,97,QRDIEYSGQYSKDVKLAQKRHKDMNKLKYLMTLLINNTLPLPAVYKDHPLQGSWKGYRDAHVEPDWILIYKLTDKLLRFERTGTHAALFG,76,0.118,0.145,0.263,0.066
P0A8D6,82,QRDIEYSGQYSKDVKLAQKRHKDMNKLKYLMTLLINNTLPLPAVYKDHPLQGSWKGYRDAHVEPDWILIYKLTDKLLRFERTGTHAALFG,172,0.07,0.099,0.169,0.064
P0A8I1,106,QRDIEYSGQYSKDVKLAQKRHKDMNKLKYLMTLLINNTLPLPAVYKDHPLQGSWKGYRDAHVEPDWILIYKLTDKLLRFERTGTHAALFG,137,0.102,0.109,0.211,0.066
P0A8I3,7,QRDIEYSGQYSKDVKLAQKRHKDMNKLKYLMTLLINNTLPLPAVYKDHPLQGSWKGYRDAHVEPDWILIYKLTDKLLRFERTGTHAALFG,261,0.126,0.126,0.252,0.107
P0A8I8,17,QRDIEYSGQYSKDVKLAQKRHKDMNKLKYLMTLLINNTLPLPAVYKDHPLQGSWKGYRDAHVEPDWILIYKLTDKLLRFERTGTHAALFG,152,0.132,0.118,0.25,0.072
P0A8N7,66,QRDIEYSGQYSKDVKLAQKRHKDMNKLKYLMTLLINNTLPLPAVYKDHPLQGSWKGYRDAHVEPDWILIYKLTDKLLRFERTGTHAALFG,321,0.087,0.121,0.208,0.09
P0A8P1,8,QRDIEYSGQYSKDVKLAQKRHKDMNKLKYLMTLLINNTLPLPAVYKDHPLQGSWKGYRDAHVEPDWILIYKLTDKLLRFERTGTHAALFG,231,0.1,0.095,0.195,0.108
P0A8S9,88,QRDIEYSGQYSKDVKLAQKRHKDMNKLKYLMTLLINNTLPLPAVYKDHPLQGSWKGYRDAHVEPDWILIYKLTDKLLRFERTGTHAALFG,98,0.071,0.102,0.173,0.051
P0A8U0,59,QRDIEYSGQYSKDVKLAQKRHKDMNKLKYLMTLLINNTLPLPAVYKDHPLQGSWKGYRDAHVEPDWILIYKLTDKLLRFERTGTHAALFG,181,0.083,0.144,0.227,0.094
P0A8U6,89,QRDIEYSGQYSKDVKLAQKRHKDMNKLKYLMTLLINNTLPLPAVYKDHPLQGSWKGYRDAHVEPDWILIYKLTDKLLRFERTGTHAALFG,104,0.144,0.183,0.327,0.067
P0A8Z3,70,QRDIEYSGQYSKDVKLAQKRHKDMNKLKYLMTLLINNTLPLPAVYKDHPLQGSWKGYRDAHVEPDWILIYKLTDKLLRFERTGTHAALFG,129,0.116,0.124,0.24,0.109
P0A901,52,QRDIEYSGQYSKDVKLAQKRHKDMNKLKYLMTLLINNTLPLPAVYKDHPLQGSWKGYRDAHVEPDWILIYKLTDKLLRFERTGTHAALFG,168,0.131,0.113,0.244,0.137
P0A946,81,QRDIEYSGQYSKDVKLAQKRHKDMNKLKYLMTLLINNTLPLPAVYKDHPLQGSWKGYRDAHVEPDWILIYKLTDKLLRFERTGTHAALFG,156,0.077,0.128,0.205,0.103
P0A955,78,QRDIEYSGQYSKDVKLAQKRHKDMNKLKYLMTLLINNTLPLPAVYKDHPLQGSWKGYRDAHVEPDWILIYKLTDKLLRFERTGTHAALFG,213,0.094,0.103,0.197,0.056
P0A959,21,QRDIEYSGQYSKDVKLAQKRHKDMNKLKYLMTLLINNTLPLPAVYKDHPLQGSWKGYRDAHVEPDWILIYKLTDKLLRFERTGTHAALFG,404,0.106,0.124,0.23,0.089
P0A962,86,QRDIEYSGQYSKDVKLAQKRHKDMNKLKYLMTLLINNTLPLPAVYKDHPLQGSWKGYRDAHVEPDWILIYKLTDKLLRFERTGTHAALFG,336,0.074,0.104,0.178,0.071
P0A988,16,QRDIEYSGQYSKDVKLAQKRHKDMNKLKYLMTLLINNTLPLPAVYKDHPLQGSWKGYRDAHVEPDWILIYKLTDKLLRFERTGTHAALFG,366,0.101,0.131,0.232,0.06
P0A993,62,QRDIEYSGQYSKDVKLAQKRHKDMNKLKYLMTLLINNTLPLPAVYKDHPLQGSWKGYRDAHVEPDWILIYKLTDKLLRFERTGTHAALFG,331,0.109,0.127,0.236,0.094
P0A998,75,QRDIEYSGQYSKDVKLAQKRHKDMNKLKYLMTLLINNTLPLPAVYKDHPLQGSWKGYRDAHVEPDWILIYKLTDKLLRFERTGTHAALFG,161,0.081,0.161,0.242,0.124
P0A9B6,32,QRDIEYSGQYSKDVKLAQKRHKDMNKLKYLMTLLINNTLPLPAVYKDHPLQGSWKGYRDAHVEPDWILIYKLTDKLLRFERTGTHAALFG,337,0.098,0.11,0.208,0.062
P0A9C9,69,QRDIEYSGQYSKDVKLAQKRHKDMNKLKYLMTLLINNTLPLPAVYKDHPLQGSWKGYRDAHVEPDWILIYKLTDKLLRFERTGTHAALFG,327,0.086,0.11,0.196,0.031
P0A9D2,77,QRDIEYSGQYSKDVKLAQKRHKDMNKLKYLMTLLINNTLPLPAVYKDHPLQGSWKGYRDAHVEPDWILIYKLTDKLLRFERTGTHAALFG,201,0.119,0.134,0.253,0.1
P0A9D4,73,QRDIEYSGQYSKDVKLAQKRHKDMNKLKYLMTLLINNTLPLPAVYKDHPLQGSWKGYRDAHVEPDWILIYKLTDKLLRFERTGTHAALFG,261,0.092,0.103,0.195,0.054
P0A9H1,23,QRDIEYSGQYSKDVKLAQKRHKDMNKLKYLMTLLINNTLPLPAVYKDHPLQGSWKGYRDAHVEPDWILIYKLTDKLLRFERTGTHAALFG,165,0.109,0.097,0.206,0.085
P0A9H3,5,QRDIEYSGQYSKDVKLAQKRHKDMNKLKYLMTLLINNTLPLPAVYKDHPLQGSWKGYRDAHVEPDWILIYKLTDKLLRFERTGTHAALFG,711,0.098,0.122,0.22,0.105
P0A9J4,31,QRDIEYSGQYSKDVKLAQKRHKDMNKLKYLMTLLINNTLPLPAVYKDHPLQGSWKGYRDAHVEPDWILIYKLTDKLLRFERTGTHAALFG,291,0.079,0.117,0.196,0.052
P0A9J6,88,QRDIEYSGQYSKDVKLAQKRHKDMNKLKYLMTLLINNTLPLPAVYKDHPLQGSWKGYRDAHVEPDWILIYKLTDKLLRFERTGTHAALFG,305,0.075,0.118,0.193,0.036
P0A9N4,95,QRDIEYSGQYSKDVKLAQKRHKDMNKLKYLMTLLINNTLPLPAVYKDHPLQGSWKGYRDAHVEPDWILIYKLTDKLLRFERTGTHAALFG,245,0.127,0.151,0.278,0.098
P0A9P0,79,QRDIEYSGQYSKDVKLAQKRHKDMNKLKYLMTLLINNTLPLPAVYKDHPLQGSWKGYRDAHVEPDWILIYKLTDKLLRFERTGTHAALFG,471,0.11,0.136,0.246,0.055
P0A9Q9,19,QRDIEYSGQYSKDVKLAQKRHKDMNKLKYLMTLLINNTLPLPAVYKDHPLQGSWKGYRDAHVEPDWILIYKLTDKLLRFERTGTHAALFG,367,0.087,0.104,0.191,0.068
P0A9R4,82,QRDIEYSGQYSKDVKLAQKRHKDMNKLKYLMTLLINNTLPLPAVYKDHPLQGSWKGYRDAHVEPDWILIYKLTDKLLRFERTGTHAALFG,109,0.083,0.211,0.294,0.028
P0A9S1,77,QRDIEYSGQYSKDVKLAQKRHKDMNKLKYLMTLLINNTLPLPAVYKDHPLQGSWKGYRDAHVEPDWILIYKLTDKLLRFERTGTHAALFG,384,0.086,0.125,0.211,0.06
P0A9S3,54,QRDIEYSGQYSKDVKLAQKRHKDMNKLKYLMTLLINNTLPLPAVYKDHPLQGSWKGYRDAHVEPDWILIYKLTDKLLRFERTGTHAALFG,346,0.087,0.104,0.191,0.072
P0A9T4,11,QRDIEYSGQYSKDVKLAQKRHKDMNKLKYLMTLLINNTLPLPAVYKDHPLQGSWKGYRDAHVEPDWILIYKLTDKLLRFERTGTHAALFG,346,0.098,0.11,0.208,0.087
P0A9T6,81,QRDIEYSGQYSKDVKLAQKRHKDMNKLKYLMTLLINNTLPLPAVYKDHPLQGSWKGYRDAHVEPDWILIYKLTDKLLRFERTGTHAALFG,102,0.118,0.176,0.294,0.078
P0A9W3,92,QRDIEYSGQYSKDVKLAQKRHKDMNKLKYLMTLLINNTLPLPAVYKDHPLQGSWKGYRDAHVEPDWILIYKLTDKLLRFERTGTHAALFG,547,0.128,0.163,0.291,0.071
P0A9X9,92,QRDIEYSGQYSKDVKLAQKRHKDMNKLKYLMTLLINNTLPLPAVYKDHPLQGSWKGYRDAHVEPDWILIYKLTDKLLRFERTGTHAALFG,85,0.094,0.129,0.223,0.106
P0AA04,88,QRDIEYSGQYSKDVKLAQKRHKDMNKLKYLMTLLINNTLPLPAVYKDHPLQGSWKGYRDAHVEPDWILIYKLTDKLLRFERTGTHAALFG,85,0.094,0.118,0.212,0.047
P0AA25,89,QRDIEYSGQYSKDVKLAQKRHKDMNKLKYLMTLLINNTLPLPAVYKDHPLQGSWKGYRDAHVEPDWILIYKLTDKLLRFERTGTHAALFG,108,0.102,0.148,0.25,0.074
P0AA37,44,QRDIEYSGQYSKDVKLAQKRHKDMNKLKYLMTLLINNTLPLPAVYKDHPLQGSWKGYRDAHVEPDWILIYKLTDKLLRFERTGTHAALFG,216,0.125,0.12,0.245,0.074
P0AAZ4,92,QRDIEYSGQYSKDVKLAQKRHKDMNKLKYLMTLLINNTLPLPAVYKDHPLQGSWKGYRDAHVEPDWILIYKLTDKLLRFERTGTHAALFG,433,0.118,0.127,0.245,0.074
P0AB26,45,QRDIEYSGQYSKDVKLAQKRHKDMNKLKYLMTLLINNTLPLPAVYKDHPLQGSWKGYRDAHVEPDWILIYKLTDKLLRFERTGTHAALFG,171,0.105,0.111,0.216,0.058
P0AB71,70,QRDIEYSGQYSKDVKLAQKRHKDMNKLKYLMTLLINNTLPLPAVYKDHPLQGSWKGYRDAHVEPDWILIYKLTDKLLRFERTGTHAALFG,358,0.084,0.106,0.19,0.081
P0AB74,14,QRDIEYSGQYSKDVKLAQKRHKDMNKLKYLMTLLINNTLPLPAVYKDHPLQGSWKGYRDAHVEPDWILIYKLTDKLLRFERTGTHAALFG,284,0.095,0.116,0.211,0.07
P0AB80,31,QRDIEYSGQYSKDVKLAQKRHKDMNKLKYLMTLLINNTLPLPAVYKDHPLQGSWKGYRDAHVEPDWILIYKLTDKLLRFERTGTHAALFG,304,0.095,0.125,0.22,0.099
P0AB83,57,QRDIEYSGQYSKDVKLAQKRHKDMNKLKYLMTLLINNTLPLPAVYKDHPLQGSWKGYRDAHVEPDWILIYKLTDKLLRFERTGTHAALFG,211,0.128,0.114,0.242,0.062
P0AB87,54,QRDIEYSGQYSKDVKLAQKRHKDMNKLKYLMTLLINNTLPLPAVYKDHPLQGSWKGYRDAHVEPDWILIYKLTDKLLRFERTGTHAALFG,206,0.083,0.107,0.19,0.058
P0AB91,100,QRDIEYSGQYSKDVKLAQKRHKDMNKLKYLMTLLINNTLPLPAVYKDHPLQGSWKGYRDAHVEPDWILIYKLTDKLLRFERTGTHAALFG,343,0.114,0.12,0.234,0.05
P0ABD3,96,QRDIEYSGQYSKDVKLAQKRHKDMNKLKYLMTLLINNTLPLPAVYKDHPLQGSWKGYRDAHVEPDWILIYKLTDKLLRFERTGTHAALFG,157,0.115,0.204,0.319,0.076
P0ABF6,42,QRDIEYSGQYSKDVKLAQKRHKDMNKLKYLMTLLINNTLPLPAVYKDHPLQGSWKGYRDAHVEPDWILIYKLTDKLLRFERTGTHAALFG,294,0.071,0.102,0.173,0.078
P0ABK9,25,QRDIEYSGQYSKDVKLAQKRHKDMNKLKYLMTLLINNTLPLPAVYKDHPLQGSWKGYRDAHVEPDWILIYKLTDKLLRFERTGTHAALFG,441,0.127,0.141,0.268,0.079
P0ABP8,109,QRDIEYSGQYSKDVKLAQKRHKDMNKLKYLMTLLINNTLPLPAVYKDHPLQGSWKGYRDAHVEPDWILIYKLTDKLLRFERTGTHAALFG,237,0.11,0.135,0.245,0.076
P0ABQ4,81,QRDIEYSGQYSKDVKLAQKRHKDMNKLKYLMTLLINNTLPLPAVYKDHPLQGSWKGYRDAHVEPDWILIYKLTDKLLRFERTGTHAALFG,159,0.094,0.157,0.251,0.094
P0ABS1,73,QRDIEYSGQYSKDVKLAQKRHKDMNKLKYLMTLLINNTLPLPAVYKDHPLQGSWKGYRDAHVEPDWILIYKLTDKLLRFERTGTHAALFG,145,0.172,0.214,0.386,0.055
P0AC13,24,QRDIEYSGQYSKDVKLAQKRHKDMNKLKYLMTLLINNTLPLPAVYKDHPLQGSWKGYRDAHVEPDWILIYKLTDKLLRFERTGTHAALFG,282,0.092,0.124,0.216,0.05
P0AC16,111,QRDIEYSGQYSKDVKLAQKRHKDMNKLKYLMTLLINNTLPLPAVYKDHPLQGSWKGYRDAHVEPDWILIYKLTDKLLRFERTGTHAALFG,115,0.104,0.165,0.269,0.078
P0AC51,104,QRDIEYSGQYSKDVKLAQKRHKDMNKLKYLMTLLINNTLPLPAVYKDHPLQGSWKGYRDAHVEPDWILIYKLTDKLLRFERTGTHAALFG,149,0.087,0.141,0.228,0.054
P0AC55,41,QRDIEYSGQYSKDVKLAQKRHKDMNKLKYLMTLLINNTLPLPAVYKDHPLQGSWKGYRDAHVEPDWILIYKLTDKLLRFERTGTHAALFG,112,0.125,0.134,0.259,0.045
P0AC65,103,QRDIEYSGQYSKDVKLAQKRHKDMNKLKYLMTLLINNTLPLPAVYKDHPLQGSWKGYRDAHVEPDWILIYKLTDKLLRFERTGTHAALFG,76,0.132,0.118,0.25,0.079
P0AC69,91,QRDIEYSGQYSKDVKLAQKRHKDMNKLKYLMTLLINNTLPLPAVYKDHPLQGSWKGYRDAHVEPDWILIYKLTDKLLRFERTGTHAALFG,113,0.097,0.133,0.23,0.088
P0AC81,100,QRDIEYSGQYSKDVKLAQKRHKDMNKLKYLMTLLINNTLPLPAVYKDHPLQGSWKGYRDAHVEPDWILIYKLTDKLLRFERTGTHAALFG,135,0.096,0.148,0.244,0.089
P0AC88,4,QRDIEYSGQYSKDVKLAQKRHKDMNKLKYLMTLLINNTLPLPAVYKDHPLQGSWKGYRDAHVEPDWILIYKLTDKLLRFERTGTHAALFG,357,0.104,0.123,0.227,0.095
P0ACA1,71,QRDIEYSGQYSKDVKLAQKRHKDMNKLKYLMTLLINNTLPLPAVYKDHPLQGSWKGYRDAHVEPDWILIYKLTDKLLRFERTGTHAALFG,202,0.114,0.139,0.253,0.074
P0ACB2,7,QRDIEYSGQYSKDVKLAQKRHKDMNKLKYLMTLLINNTLPLPAVYKDHPLQGSWKGYRDAHVEPDWILIYKLTDKLLRFERTGTHAALFG,323,0.118,0.149,0.267,0.068
P0ACC7,95,QRDIEYSGQYSKDVKLAQKRHKDMNKLKYLMTLLINNTLPLPAVYKDHPLQGSWKGYRDAHVEPDWILIYKLTDKLLRFERTGTHAALFG,449,0.102,0.122,0.224,0.047
P0ACD8,9,QRDIEYSGQYSKDVKLAQKRHKDMNKLKYLMTLLINNTLPLPAVYKDHPLQGSWKGYRDAHVEPDWILIYKLTDKLLRFERTGTHAALFG,581,0.088,0.108,0.196,0.093
P0ACH5,12,QRDIEYSGQYSKDVKLAQKRHKDMNKLKYLMTLLINNTLPLPAVYKDHPLQGSWKGYRDAHVEPDWILIYKLTDKLLRFERTGTHAALFG,116,0.147,0.129,0.276,0.112
P0ACS9,52,QRDIEYSGQYSKDVKLAQKRHKDMNKLKYLMTLLINNTLPLPAVYKDHPLQGSWKGYRDAHVEPDWILIYKLTDKLLRFERTGTHAALFG,207,0.116,0.145,0.261,0.082
P0ACU2,80,QRDIEYSGQYSKDVKLAQKRHKDMNKLKYLMTLLINNTLPLPAVYKDHPLQGSWKGYRDAHVEPDWILIYKLTDKLLRFERTGTHAALFG,196,0.112,0.117,0.229,0.102
P0ACX9,130,QRDIEYSGQYSKDVKLAQKRHKDMNKLKYLMTLLINNTLPLPAVYKDHPLQGSWKGYRDAHVEPDWILIYKLTDKLLRFERTGTHAALFG,40,0.175,0.1,0.275,0.025
P0ACY1,99,QRDIEYSGQYSKDVKLAQKRHKDMNKLKYLMTLLINNTLPLPAVYKDHPLQGSWKGYRDAHVEPDWILIYKLTDKLLRFERTGTHAALFG,183,0.104,0.115,0.219,0.077
P0AD61,109,QRDIEYSGQYSKDVKLAQKRHKDMNKLKYLMTLLINNTLPLPAVYKDHPLQGSWKGYRDAHVEPDWILIYKLTDKLLRFERTGTHAALFG,470,0.117,0.13,0.247,0.036
P0ADA1,41,QRDIEYSGQYSKDVKLAQKRHKDMNKLKYLMTLLINNTLPLPAVYKDHPLQGSWKGYRDAHVEPDWILIYKLTDKLLRFERTGTHAALFG,180,0.094,0.1,0.194,0.089
P0ADR6,39,QRDIEYSGQYSKDVKLAQKRHKDMNKLKYLMTLLINNTLPLPAVYKDHPLQGSWKGYRDAHVEPDWILIYKLTDKLLRFERTGTHAALFG,357,0.12,0.123,0.243,0.112
P0ADS2,98,QRDIEYSGQYSKDVKLAQKRHKDMNKLKYLMTLLINNTLPLPAVYKDHPLQGSWKGYRDAHVEPDWILIYKLTDKLLRFERTGTHAALFG,106,0.132,0.151,0.283,0.047
P0ADU2,121,QRDIEYSGQYSKDVKLAQKRHKDMNKLKYLMTLLINNTLPLPAVYKDHPLQGSWKGYRDAHVEPDWILIYKLTDKLLRFERTGTHAALFG,103,0.078,0.117,0.195,0.049
P0ADV9,51,QRDIEYSGQYSKDVKLAQKRHKDMNKLKYLMTLLINNTLPLPAVYKDHPLQGSWKGYRDAHVEPDWILIYKLTDKLLRFERTGTHAALFG,126,0.119,0.119,0.238,0.095
P0AE01,79,QRDIEYSGQYSKDVKLAQKRHKDMNKLKYLMTLLINNTLPLPAVYKDHPLQGSWKGYRDAHVEPDWILIYKLTDKLLRFERTGTHAALFG,170,0.076,0.088,0.164,0.041
P0AE18,64,QRDIEYSGQYSKDVKLAQKRHKDMNKLKYLMTLLINNTLPLPAVYKDHPLQGSWKGYRDAHVEPDWILIYKLTDKLLRFERTGTHAALFG,264,0.117,0.148,0.265,0.057
P0AEG6,82,QRDIEYSGQYSKDVKLAQKRHKDMNKLKYLMTLLINNTLPLPAVYKDHPLQGSWKGYRDAHVEPDWILIYKLTDKLLRFERTGTHAALFG,216,0.102,0.12,0.222,0.06
P0AEI6,98,QRDIEYSGQYSKDVKLAQKRHKDMNKLKYLMTLLINNTLPLPAVYKDHPLQGSWKGYRDAHVEPDWILIYKLTDKLLRFERTGTHAALFG,150,0.08,0.14,0.22,0.1
P0AEJ2,44,QRDIEYSGQYSKDVKLAQKRHKDMNKLKYLMTLLINNTLPLPAVYKDHPLQGSWKGYRDAHVEPDWILIYKLTDKLLRFERTGTHAALFG,379,0.098,0.113,0.211,0.074
P0AEJ6,13,QRDIEYSGQYSKDVKLAQKRHKDMNKLKYLMTLLINNTLPLPAVYKDHPLQGSWKGYRDAHVEPDWILIYKLTDKLLRFERTGTHAALFG,453,0.088,0.128,0.216,0.077
P0AEK2,93,QRDIEYSGQYSKDVKLAQKRHKDMNKLKYLMTLLINNTLPLPAVYKDHPLQGSWKGYRDAHVEPDWILIYKLTDKLLRFERTGTHAALFG,243,0.103,0.103,0.206,0.045
P0AEK4,49,QRDIEYSGQYSKDVKLAQKRHKDMNKLKYLMTLLINNTLPLPAVYKDHPLQGSWKGYRDAHVEPDWILIYKLTDKLLRFERTGTHAALFG,258,0.089,0.109,0.198,0.078
P0AEK7,35,QRDIEYSGQYSKDVKLAQKRHKDMNKLKYLMTLLINNTLPLPAVYKDHPLQGSWKGYRDAHVEPDWILIYKLTDKLLRFERTGTHAALFG,216,0.125,0.06,0.185,0.148
P0AEM0,110,QRDIEYSGQYSKDVKLAQKRHKDMNKLKYLMTLLINNTLPLPAVYKDHPLQGSWKGYRDAHVEPDWILIYKLTDKLLRFERTGTHAALFG,160,0.062,0.156,0.218,0.062
P0AEN1,88,QRDIEYSGQYSKDVKLAQKRHKDMNKLKYLMTLLINNTLPLPAVYKDHPLQGSWKGYRDAHVEPDWILIYKLTDKLLRFERTGTHAALFG,232,0.112,0.147,0.259,0.086
P0AEN8,105,QRDIEYSGQYSKDVKLAQKRHKDMNKLKYLMTLLINNTLPLPAVYKDHPLQGSWKGYRDAHVEPDWILIYKLTDKLLRFERTGTHAALFG,140,0.1,0.121,0.221,0.071
P0AEP3,86,QRDIEYSGQYSKDVKLAQKRHKDMNKLKYLMTLLINNTLPLPAVYKDHPLQGSWKGYRDAHVEPDWILIYKLTDKLLRFERTGTHAALFG,294,0.082,0.143,0.225,0.048
P0AES0,50,QRDIEYSGQYSKDVKLAQKRHKDMNKLKYLMTLLINNTLPLPAVYKDHPLQGSWKGYRDAHVEPDWILIYKLTDKLLRFERTGTHAALFG,606,0.092,0.139,0.231,0.104
P0AES2,15,QRDIEYSGQYSKDVKLAQKRHKDMNKLKYLMTLLINNTLPLPAVYKDHPLQGSWKGYRDAHVEPDWILIYKLTDKLLRFERTGTHAALFG,442,0.088,0.113,0.201,0.079
P0AEX9,96,QRDIEYSGQYSKDVKLAQKRHKDMNKLKYLMTLLINNTLPLPAVYKDHPLQGSWKGYRDAHVEPDWILIYKLTDKLLRFERTGTHAALFG,370,0.116,0.138,0.254,0.103
P0AEZ1,26,QRDIEYSGQYSKDVKLAQKRHKDMNKLKYLMTLLINNTLPLPAVYKDHPLQGSWKGYRDAHVEPDWILIYKLTDKLLRFERTGTHAALFG,291,0.117,0.131,0.248,0.086
P0AEZ9,105,QRDIEYSGQYSKDVKLAQKRHKDMNKLKYLMTLLINNTLPLPAVYKDHPLQGSWKGYRDAHVEPDWILIYKLTDKLLRFERTGTHAALFG,168,0.107,0.131,0.238,0.065
P0AF18,79,QRDIEYSGQYSKDVKLAQKRHKDMNKLKYLMTLLINNTLPLPAVYKDHPLQGSWKGYRDAHVEPDWILIYKLTDKLLRFERTGTHAALFG,382,0.089,0.11,0.199,0.06
P0AF24,7,QRDIEYSGQYSKDVKLAQKRHKDMNKLKYLMTLLINNTLPLPAVYKDHPLQGSWKGYRDAHVEPDWILIYKLTDKLLRFERTGTHAALFG,250,0.08,0.112,0.192,0.096
P0AF93,76,QRDIEYSGQYSKDVKLAQKRHKDMNKLKYLMTLLINNTLPLPAVYKDHPLQGSWKGYRDAHVEPDWILIYKLTDKLLRFERTGTHAALFG,127,0.102,0.118,0.22,0.055
P0AFB1,56,QRDIEYSGQYSKDVKLAQKRHKDMNKLKYLMTLLINNTLPLPAVYKDHPLQGSWKGYRDAHVEPDWILIYKLTDKLLRFERTGTHAALFG,259,0.089,0.158,0.247,0.116
P0AFC0,53,QRDIEYSGQYSKDVKLAQKRHKDMNKLKYLMTLLINNTLPLPAVYKDHPLQGSWKGYRDAHVEPDWILIYKLTDKLLRFERTGTHAALFG,147,0.122,0.143,0.265,0.095
P0AFG8,16,QRDIEYSGQYSKDVKLAQKRHKDMNKLKYLMTLLINNTLPLPAVYKDHPLQGSWKGYRDAHVEPDWILIYKLTDKLLRFERTGTHAALFG,831,0.103,0.131,0.234,0.097
P0AFI0,22,QRDIEYSGQYSKDVKLAQKRHKDMNKLKYLMTLLINNTLPLPAVYKDHPLQGSWKGYRDAHVEPDWILIYKLTDKLLRFERTGTHAALFG,547,0.082,0.102,0.184,0.062
P0AFI7,51,QRDIEYSGQYSKDVKLAQKRHKDMNKLKYLMTLLINNTLPLPAVYKDHPLQGSWKGYRDAHVEPDWILIYKLTDKLLRFERTGTHAALFG,199,0.146,0.121,0.267,0.106
P0AFM2,52,QRDIEYSGQYSKDVKLAQKRHKDMNKLKYLMTLLINNTLPLPAVYKDHPLQGSWKGYRDAHVEPDWILIYKLTDKLLRFERTGTHAALFG,309,0.087,0.107,0.194,0.104
P0AFP6,13,QRDIEYSGQYSKDVKLAQKRHKDMNKLKYLMTLLINNTLPLPAVYKDHPLQGSWKGYRDAHVEPDWILIYKLTDKLLRFERTGTHAALFG,246,0.077,0.126,0.203,0.069
P0AFR4,52,QRDIEYSGQYSKDVKLAQKRHKDMNKLKYLMTLLINNTLPLPAVYKDHPLQGSWKGYRDAHVEPDWILIYKLTDKLLRFERTGTHAALFG,205,0.122,0.132,0.254,0.068
P0AFU8,91,QRDIEYSGQYSKDVKLAQKRHKDMNKLKYLMTLLINNTLPLPAVYKDHPLQGSWKGYRDAHVEPDWILIYKLTDKLLRFERTGTHAALFG,206,0.102,0.126,0.228,0.053
P0AFW0,44,QRDIEYSGQYSKDVKLAQKRHKDMNKLKYLMTLLINNTLPLPAVYKDHPLQGSWKGYRDAHVEPDWILIYKLTDKLLRFERTGTHAALFG,155,0.103,0.084,0.187,0.084
P0AFW4,95,QRDIEYSGQYSKDVKLAQKRHKDMNKLKYLMTLLINNTLPLPAVYKDHPLQGSWKGYRDAHVEPDWILIYKLTDKLLRFERTGTHAALFG,135,0.074,0.156,0.23,0.044
P0AG16,16,QRDIEYSGQYSKDVKLAQKRHKDMNKLKYLMTLLINNTLPLPAVYKDHPLQGSWKGYRDAHVEPDWILIYKLTDKLLRFERTGTHAALFG,492,0.114,0.134,0.248,0.081
P0AG18,105,QRDIEYSGQYSKDVKLAQKRHKDMNKLKYLMTLLINNTLPLPAVYKDHPLQGSWKGYRDAHVEPDWILIYKLTDKLLRFERTGTHAALFG,162,0.074,0.099,0.173,0.049
P0AG74,76,QRDIEYSGQYSKDVKLAQKRHKDMNKLKYLMTLLINNTLPLPAVYKDHPLQGSWKGYRDAHVEPDWILIYKLTDKLLRFERTGTHAALFG,118,0.161,0.11,0.271,0.076
P0AG80,64,QRDIEYSGQYSKDVKLAQKRHKDMNKLKYLMTLLINNTLPLPAVYKDHPLQGSWKGYRDAHVEPDWILIYKLTDKLLRFERTGTHAALFG,418,0.112,0.12,0.232,0.115
P0AG82,80,QRDIEYSGQYSKDVKLAQKRHKDMNKLKYLMTLLINNTLPLPAVYKDHPLQGSWKGYRDAHVEPDWILIYKLTDKLLRFERTGTHAALFG,321,0.109,0.109,0.218,0.1
P0AG86,89,QRDIEYSGQYSKDVKLAQKRHKDMNKLKYLMTLLINNTLPLPAVYKDHPLQGSWKGYRDAHVEPDWILIYKLTDKLLRFERTGTHAALFG,134,0.052,0.112,0.164,0.112
P0AGC3,11,QRDIEYSGQYSKDVKLAQKRHKDMNKLKYLMTLLINNTLPLPAVYKDHPLQGSWKGYRDAHVEPDWILIYKLTDKLLRFERTGTHAALFG,618,0.118,0.113,0.231,0.105
P0AGJ7,64,QRDIEYSGQYSKDVKLAQKRHKDMNKLKYLMTLLINNTLPLPAVYKDHPLQGSWKGYRDAHVEPDWILIYKLTDKLLRFERTGTHAALFG,155,0.097,0.11,0.207,0.097
P0C960,16,QRDIEYSGQYSKDVKLAQKRHKDMNKLKYLMTLLINNTLPLPAVYKDHPLQGSWKGYRDAHVEPDWILIYKLTDKLLRFERTGTHAALFG,190,0.105,0.1,0.205,0.068
P0CE47,99,QRDIEYSGQYSKDVKLAQKRHKDMNKLKYLMTLLINNTLPLPAVYKDHPLQGSWKGYRDAHVEPDWILIYKLTDKLLRFERTGTHAALFG,392,0.117,0.156,0.273,0.064
P10408,58,QRDIEYSGQYSKDVKLAQKRHKDMNKLKYLMTLLINNTLPLPAVYKDHPLQGSWKGYRDAHVEPDWILIYKLTDKLLRFERTGTHAALFG,824,0.108,0.135,0.243,0.058
P11880,59,QRDIEYSGQYSKDVKLAQKRHKDMNKLKYLMTLLINNTLPLPAVYKDHPLQGSWKGYRDAHVEPDWILIYKLTDKLLRFERTGTHAALFG,446,0.074,0.096,0.17,0.045
P12295,14,QRDIEYSGQYSKDVKLAQKRHKDMNKLKYLMTLLINNTLPLPAVYKDHPLQGSWKGYRDAHVEPDWILIYKLTDKLLRFERTGTHAALFG,222,0.086,0.081,0.167,0.099
P12758,81,QRDIEYSGQYSKDVKLAQKRHKDMNKLKYLMTLLINNTLPLPAVYKDHPLQGSWKGYRDAHVEPDWILIYKLTDKLLRFERTGTHAALFG,250,0.088,0.112,0.2,0.056
P12994,112,QRDIEYSGQYSKDVKLAQKRHKDMNKLKYLMTLLINNTLPLPAVYKDHPLQGSWKGYRDAHVEPDWILIYKLTDKLLRFERTGTHAALFG,159,0.069,0.119,0.188,0.101
P13035,48,QRDIEYSGQYSKDVKLAQKRHKDMNKLKYLMTLLINNTLPLPAVYKDHPLQGSWKGYRDAHVEPDWILIYKLTDKLLRFERTGTHAALFG,494,0.128,0.132,0.26,0.099
P15034,75,QRDIEYSGQYSKDVKLAQKRHKDMNKLKYLMTLLINNTLPLPAVYKDHPLQGSWKGYRDAHVEPDWILIYKLTDKLLRFERTGTHAALFG,440,0.105,0.148,0.253,0.084
P15067,20,QRDIEYSGQYSKDVKLAQKRHKDMNKLKYLMTLLINNTLPLPAVYKDHPLQGSWKGYRDAHVEPDWILIYKLTDKLLRFERTGTHAALFG,654,0.081,0.119,0.2,0.106
P16384,23,QRDIEYSGQYSKDVKLAQKRHKDMNKLKYLMTLLINNTLPLPAVYKDHPLQGSWKGYRDAHVEPDWILIYKLTDKLLRFERTGTHAALFG,305,0.108,0.131,0.239,0.072
P16456,62,QRDIEYSGQYSKDVKLAQKRHKDMNKLKYLMTLLINNTLPLPAVYKDHPLQGSWKGYRDAHVEPDWILIYKLTDKLLRFERTGTHAALFG,319,0.088,0.119,0.207,0.056
P16525,5,QRDIEYSGQYSKDVKLAQKRHKDMNKLKYLMTLLINNTLPLPAVYKDHPLQGSWKGYRDAHVEPDWILIYKLTDKLLRFERTGTHAALFG,305,0.138,0.108,0.246,0.066
P16685,27,QRDIEYSGQYSKDVKLAQKRHKDMNKLKYLMTLLINNTLPLPAVYKDHPLQGSWKGYRDAHVEPDWILIYKLTDKLLRFERTGTHAALFG,144,0.104,0.111,0.215,0.062
P16686,49,QRDIEYSGQYSKDVKLAQKRHKDMNKLKYLMTLLINNTLPLPAVYKDHPLQGSWKGYRDAHVEPDWILIYKLTDKLLRFERTGTHAALFG,183,0.066,0.093,0.159,0.033
P16688,8,QRDIEYSGQYSKDVKLAQKRHKDMNKLKYLMTLLINNTLPLPAVYKDHPLQGSWKGYRDAHVEPDWILIYKLTDKLLRFERTGTHAALFG,277,0.101,0.141,0.242,0.097
P17109,4,QRDIEYSGQYSKDVKLAQKRHKDMNKLKYLMTLLINNTLPLPAVYKDHPLQGSWKGYRDAHVEPDWILIYKLTDKLLRFERTGTHAALFG,556,0.086,0.101,0.187,0.072
P17117,77,QRDIEYSGQYSKDVKLAQKRHKDMNKLKYLMTLLINNTLPLPAVYKDHPLQGSWKGYRDAHVEPDWILIYKLTDKLLRFERTGTHAALFG,240,0.1,0.108,0.208,0.071
P17443,49,QRDIEYSGQYSKDVKLAQKRHKDMNKLKYLMTLLINNTLPLPAVYKDHPLQGSWKGYRDAHVEPDWILIYKLTDKLLRFERTGTHAALFG,351,0.103,0.077,0.18,0.063
P17952,77,QRDIEYSGQYSKDVKLAQKRHKDMNKLKYLMTLLINNTLPLPAVYKDHPLQGSWKGYRDAHVEPDWILIYKLTDKLLRFERTGTHAALFG,482,0.089,0.12,0.209,0.062
P17993,79,QRDIEYSGQYSKDVKLAQKRHKDMNKLKYLMTLLINNTLPLPAVYKDHPLQGSWKGYRDAHVEPDWILIYKLTDKLLRFERTGTHAALFG,224,0.094,0.116,0.21,0.08
P19624,95,QRDIEYSGQYSKDVKLAQKRHKDMNKLKYLMTLLINNTLPLPAVYKDHPLQGSWKGYRDAHVEPDWILIYKLTDKLLRFERTGTHAALFG,328,0.076,0.098,0.174,0.046
P19636,17,QRDIEYSGQYSKDVKLAQKRHKDMNKLKYLMTLLINNTLPLPAVYKDHPLQGSWKGYRDAHVEPDWILIYKLTDKLLRFERTGTHAALFG,252,0.127,0.123,0.25,0.04
P21165,15,QRDIEYSGQYSKDVKLAQKRHKDMNKLKYLMTLLINNTLPLPAVYKDHPLQGSWKGYRDAHVEPDWILIYKLTDKLLRFERTGTHAALFG,441,0.091,0.125,0.216,0.104
P21338,32,QRDIEYSGQYSKDVKLAQKRHKDMNKLKYLMTLLINNTLPLPAVYKDHPLQGSWKGYRDAHVEPDWILIYKLTDKLLRFERTGTHAALFG,245,0.131,0.114,0.245,0.098
P21888,40,QRDIEYSGQYSKDVKLAQKRHKDMNKLKYLMTLLINNTLPLPAVYKDHPLQGSWKGYRDAHVEPDWILIYKLTDKLLRFERTGTHAALFG,461,0.115,0.156,0.271,0.091
P21889,82,QRDIEYSGQYSKDVKLAQKRHKDMNKLKYLMTLLINNTLPLPAVYKDHPLQGSWKGYRDAHVEPDWILIYKLTDKLLRFERTGTHAALFG,585,0.125,0.145,0.27,0.08
P22256,77,QRDIEYSGQYSKDVKLAQKRHKDMNKLKYLMTLLINNTLPLPAVYKDHPLQGSWKGYRDAHVEPDWILIYKLTDKLLRFERTGTHAALFG,425,0.096,0.118,0.214,0.064
P22259,59,QRDIEYSGQYSKDVKLAQKRHKDMNKLKYLMTLLINNTLPLPAVYKDHPLQGSWKGYRDAHVEPDWILIYKLTDKLLRFERTGTHAALFG,537,0.104,0.127,0.231,0.101
P23256,18,QRDIEYSGQYSKDVKLAQKRHKDMNKLKYLMTLLINNTLPLPAVYKDHPLQGSWKGYRDAHVEPDWILIYKLTDKLLRFERTGTHAALFG,361,0.086,0.114,0.2,0.097
P23843,74,QRDIEYSGQYSKDVKLAQKRHKDMNKLKYLMTLLINNTLPLPAVYKDHPLQGSWKGYRDAHVEPDWILIYKLTDKLLRFERTGTHAALFG,517,0.11,0.126,0.236,0.103
P23869,64,QRDIEYSGQYSKDVKLAQKRHKDMNKLKYLMTLLINNTLPLPAVYKDHPLQGSWKGYRDAHVEPDWILIYKLTDKLLRFERTGTHAALFG,163,0.098,0.123,0.221,0.098
P23874,4,QRDIEYSGQYSKDVKLAQKRHKDMNKLKYLMTLLINNTLPLPAVYKDHPLQGSWKGYRDAHVEPDWILIYKLTDKLLRFERTGTHAALFG,436,0.117,0.117,0.234,0.087
P24182,30,QRDIEYSGQYSKDVKLAQKRHKDMNKLKYLMTLLINNTLPLPAVYKDHPLQGSWKGYRDAHVEPDWILIYKLTDKLLRFERTGTHAALFG,446,0.114,0.123,0.237,0.065
P24203,90,QRDIEYSGQYSKDVKLAQKRHKDMNKLKYLMTLLINNTLPLPAVYKDHPLQGSWKGYRDAHVEPDWILIYKLTDKLLRFERTGTHAALFG,317,0.091,0.151,0.242,0.073
P24215,83,QRDIEYSGQYSKDVKLAQKRHKDMNKLKYLMTLLINNTLPLPAVYKDHPLQGSWKGYRDAHVEPDWILIYKLTDKLLRFERTGTHAALFG,395,0.116,0.157,0.273,0.084
P24224,84,QRDIEYSGQYSKDVKLAQKRHKDMNKLKYLMTLLINNTLPLPAVYKDHPLQGSWKGYRDAHVEPDWILIYKLTDKLLRFERTGTHAALFG,125,0.144,0.12,0.264,0.08
P24232,87,QRDIEYSGQYSKDVKLAQKRHKDMNKLKYLMTLLINNTLPLPAVYKDHPLQGSWKGYRDAHVEPDWILIYKLTDKLLRFERTGTHAALFG,396,0.091,0.124,0.215,0.098
P25535,49,QRDIEYSGQYSKDVKLAQKRHKDMNKLKYLMTLLINNTLPLPAVYKDHPLQGSWKGYRDAHVEPDWILIYKLTDKLLRFERTGTHAALFG,363,0.091,0.102,0.193,0.077
P25740,30,QRDIEYSGQYSKDVKLAQKRHKDMNKLKYLMTLLINNTLPLPAVYKDHPLQGSWKGYRDAHVEPDWILIYKLTDKLLRFERTGTHAALFG,370,0.116,0.114,0.23,0.108
P25746,19,QRDIEYSGQYSKDVKLAQKRHKDMNKLKYLMTLLINNTLPLPAVYKDHPLQGSWKGYRDAHVEPDWILIYKLTDKLLRFERTGTHAALFG,213,0.085,0.066,0.151,0.038
P26281,67,QRDIEYSGQYSKDVKLAQKRHKDMNKLKYLMTLLINNTLPLPAVYKDHPLQGSWKGYRDAHVEPDWILIYKLTDKLLRFERTGTHAALFG,158,0.095,0.127,0.222,0.082
P27245,81,QRDIEYSGQYSKDVKLAQKRHKDMNKLKYLMTLLINNTLPLPAVYKDHPLQGSWKGYRDAHVEPDWILIYKLTDKLLRFERTGTHAALFG,138,0.13,0.109,0.239,0.036
P27248,101,QRDIEYSGQYSKDVKLAQKRHKDMNKLKYLMTLLINNTLPLPAVYKDHPLQGSWKGYRDAHVEPDWILIYKLTDKLLRFERTGTHAALFG,364,0.096,0.126,0.222,0.085
P27828,76,QRDIEYSGQYSKDVKLAQKRHKDMNKLKYLMTLLINNTLPLPAVYKDHPLQGSWKGYRDAHVEPDWILIYKLTDKLLRFERTGTHAALFG,375,0.104,0.125,0.229,0.067
P27838,113,QRDIEYSGQYSKDVKLAQKRHKDMNKLKYLMTLLINNTLPLPAVYKDHPLQGSWKGYRDAHVEPDWILIYKLTDKLLRFERTGTHAALFG,106,0.075,0.208,0.283,0.104
P28248,91,QRDIEYSGQYSKDVKLAQKRHKDMNKLKYLMTLLINNTLPLPAVYKDHPLQGSWKGYRDAHVEPDWILIYKLTDKLLRFERTGTHAALFG,193,0.119,0.14,0.259,0.067
P28305,11,QRDIEYSGQYSKDVKLAQKRHKDMNKLKYLMTLLINNTLPLPAVYKDHPLQGSWKGYRDAHVEPDWILIYKLTDKLLRFERTGTHAALFG,269,0.089,0.1,0.189,0.063
P28629,31,QRDIEYSGQYSKDVKLAQKRHKDMNKLKYLMTLLINNTLPLPAVYKDHPLQGSWKGYRDAHVEPDWILIYKLTDKLLRFERTGTHAALFG,755,0.082,0.127,0.209,0.102
P28631,38,QRDIEYSGQYSKDVKLAQKRHKDMNKLKYLMTLLINNTLPLPAVYKDHPLQGSWKGYRDAHVEPDWILIYKLTDKLLRFERTGTHAALFG,330,0.088,0.097,0.185,0.07
P28632,32,QRDIEYSGQYSKDVKLAQKRHKDMNKLKYLMTLLINNTLPLPAVYKDHPLQGSWKGYRDAHVEPDWILIYKLTDKLLRFERTGTHAALFG,102,0.059,0.108,0.167,0.049
P28905,70,QRDIEYSGQYSKDVKLAQKRHKDMNKLKYLMTLLINNTLPLPAVYKDHPLQGSWKGYRDAHVEPDWILIYKLTDKLLRFERTGTHAALFG,147,0.136,0.143,0.279,0.109
P29208,41,QRDIEYSGQYSKDVKLAQKRHKDMNKLKYLMTLLINNTLPLPAVYKDHPLQGSWKGYRDAHVEPDWILIYKLTDKLLRFERTGTHAALFG,320,0.094,0.131,0.225,0.069
P30125,58,QRDIEYSGQYSKDVKLAQKRHKDMNKLKYLMTLLINNTLPLPAVYKDHPLQGSWKGYRDAHVEPDWILIYKLTDKLLRFERTGTHAALFG,363,0.096,0.132,0.228,0.072
P30177,8,QRDIEYSGQYSKDVKLAQKRHKDMNKLKYLMTLLINNTLPLPAVYKDHPLQGSWKGYRDAHVEPDWILIYKLTDKLLRFERTGTHAALFG,320,0.106,0.109,0.215,0.056
P30749,84,QRDIEYSGQYSKDVKLAQKRHKDMNKLKYLMTLLINNTLPLPAVYKDHPLQGSWKGYRDAHVEPDWILIYKLTDKLLRFERTGTHAALFG,149,0.121,0.154,0.275,0.101
P31057,44,QRDIEYSGQYSKDVKLAQKRHKDMNKLKYLMTLLINNTLPLPAVYKDHPLQGSWKGYRDAHVEPDWILIYKLTDKLLRFERTGTHAALFG,262,0.073,0.115,0.188,0.073
P31133,62,QRDIEYSGQYSKDVKLAQKRHKDMNKLKYLMTLLINNTLPLPAVYKDHPLQGSWKGYRDAHVEPDWILIYKLTDKLLRFERTGTHAALFG,341,0.114,0.132,0.246,0.106
P31545,34,QRDIEYSGQYSKDVKLAQKRHKDMNKLKYLMTLLINNTLPLPAVYKDHPLQGSWKGYRDAHVEPDWILIYKLTDKLLRFERTGTHAALFG,376,0.104,0.12,0.224,0.085
P31658,79,QRDIEYSGQYSKDVKLAQKRHKDMNKLKYLMTLLINNTLPLPAVYKDHPLQGSWKGYRDAHVEPDWILIYKLTDKLLRFERTGTHAALFG,279,0.09,0.122,0.212,0.108
P31663,52,QRDIEYSGQYSKDVKLAQKRHKDMNKLKYLMTLLINNTLPLPAVYKDHPLQGSWKGYRDAHVEPDWILIYKLTDKLLRFERTGTHAALFG,282,0.135,0.145,0.28,0.053
P31808,60,QRDIEYSGQYSKDVKLAQKRHKDMNKLKYLMTLLINNTLPLPAVYKDHPLQGSWKGYRDAHVEPDWILIYKLTDKLLRFERTGTHAALFG,245,0.094,0.098,0.192,0.069
P32056,76,QRDIEYSGQYSKDVKLAQKRHKDMNKLKYLMTLLINNTLPLPAVYKDHPLQGSWKGYRDAHVEPDWILIYKLTDKLLRFERTGTHAALFG,160,0.1,0.144,0.244,0.138
P32099,37,QRDIEYSGQYSKDVKLAQKRHKDMNKLKYLMTLLINNTLPLPAVYKDHPLQGSWKGYRDAHVEPDWILIYKLTDKLLRFERTGTHAALFG,337,0.113,0.134,0.247,0.089
P32125,98,QRDIEYSGQYSKDVKLAQKRHKDMNKLKYLMTLLINNTLPLPAVYKDHPLQGSWKGYRDAHVEPDWILIYKLTDKLLRFERTGTHAALFG,170,0.1,0.135,0.235,0.047
P32140,18,QRDIEYSGQYSKDVKLAQKRHKDMNKLKYLMTLLINNTLPLPAVYKDHPLQGSWKGYRDAHVEPDWILIYKLTDKLLRFERTGTHAALFG,413,0.099,0.131,0.23,0.128
P32156,94,QRDIEYSGQYSKDVKLAQKRHKDMNKLKYLMTLLINNTLPLPAVYKDHPLQGSWKGYRDAHVEPDWILIYKLTDKLLRFERTGTHAALFG,104,0.096,0.144,0.24,0.115
P32676,44,QRDIEYSGQYSKDVKLAQKRHKDMNKLKYLMTLLINNTLPLPAVYKDHPLQGSWKGYRDAHVEPDWILIYKLTDKLLRFERTGTHAALFG,112,0.107,0.134,0.241,0.062
P32718,31,QRDIEYSGQYSKDVKLAQKRHKDMNKLKYLMTLLINNTLPLPAVYKDHPLQGSWKGYRDAHVEPDWILIYKLTDKLLRFERTGTHAALFG,300,0.087,0.093,0.18,0.07
P32719,76,QRDIEYSGQYSKDVKLAQKRHKDMNKLKYLMTLLINNTLPLPAVYKDHPLQGSWKGYRDAHVEPDWILIYKLTDKLLRFERTGTHAALFG,219,0.096,0.146,0.242,0.091
P33012,133,QRDIEYSGQYSKDVKLAQKRHKDMNKLKYLMTLLINNTLPLPAVYKDHPLQGSWKGYRDAHVEPDWILIYKLTDKLLRFERTGTHAALFG,155,0.084,0.155,0.239,0.142
P33136,24,QRDIEYSGQYSKDVKLAQKRHKDMNKLKYLMTLLINNTLPLPAVYKDHPLQGSWKGYRDAHVEPDWILIYKLTDKLLRFERTGTHAALFG,494,0.121,0.13,0.251,0.109
P33224,2,QRDIEYSGQYSKDVKLAQKRHKDMNKLKYLMTLLINNTLPLPAVYKDHPLQGSWKGYRDAHVEPDWILIYKLTDKLLRFERTGTHAALFG,538,0.108,0.104,0.212,0.082
P33362,72,QRDIEYSGQYSKDVKLAQKRHKDMNKLKYLMTLLINNTLPLPAVYKDHPLQGSWKGYRDAHVEPDWILIYKLTDKLLRFERTGTHAALFG,281,0.093,0.107,0.2,0.078
P33371,10,QRDIEYSGQYSKDVKLAQKRHKDMNKLKYLMTLLINNTLPLPAVYKDHPLQGSWKGYRDAHVEPDWILIYKLTDKLLRFERTGTHAALFG,317,0.11,0.12,0.23,0.066
P33644,11,QRDIEYSGQYSKDVKLAQKRHKDMNKLKYLMTLLINNTLPLPAVYKDHPLQGSWKGYRDAHVEPDWILIYKLTDKLLRFERTGTHAALFG,242,0.099,0.103,0.202,0.091
P34209,24,QRDIEYSGQYSKDVKLAQKRHKDMNKLKYLMTLLINNTLPLPAVYKDHPLQGSWKGYRDAHVEPDWILIYKLTDKLLRFERTGTHAALFG,261,0.073,0.111,0.184,0.084
P35340,76,QRDIEYSGQYSKDVKLAQKRHKDMNKLKYLMTLLINNTLPLPAVYKDHPLQGSWKGYRDAHVEPDWILIYKLTDKLLRFERTGTHAALFG,519,0.108,0.131,0.239,0.058
P36683,90,QRDIEYSGQYSKDVKLAQKRHKDMNKLKYLMTLLINNTLPLPAVYKDHPLQGSWKGYRDAHVEPDWILIYKLTDKLLRFERTGTHAALFG,862,0.102,0.13,0.232,0.067
P36767,80,QRDIEYSGQYSKDVKLAQKRHKDMNKLKYLMTLLINNTLPLPAVYKDHPLQGSWKGYRDAHVEPDWILIYKLTDKLLRFERTGTHAALFG,301,0.126,0.156,0.282,0.053
P36929,51,QRDIEYSGQYSKDVKLAQKRHKDMNKLKYLMTLLINNTLPLPAVYKDHPLQGSWKGYRDAHVEPDWILIYKLTDKLLRFERTGTHAALFG,425,0.113,0.118,0.231,0.068
P36979,60,QRDIEYSGQYSKDVKLAQKRHKDMNKLKYLMTLLINNTLPLPAVYKDHPLQGSWKGYRDAHVEPDWILIYKLTDKLLRFERTGTHAALFG,333,0.129,0.129,0.258,0.072
P37025,79,QRDIEYSGQYSKDVKLAQKRHKDMNKLKYLMTLLINNTLPLPAVYKDHPLQGSWKGYRDAHVEPDWILIYKLTDKLLRFERTGTHAALFG,173,0.116,0.075,0.191,0.104
P37128,73,QRDIEYSGQYSKDVKLAQKRHKDMNKLKYLMTLLINNTLPLPAVYKDHPLQGSWKGYRDAHVEPDWILIYKLTDKLLRFERTGTHAALFG,189,0.106,0.148,0.254,0.079
P37146,32,QRDIEYSGQYSKDVKLAQKRHKDMNKLKYLMTLLINNTLPLPAVYKDHPLQGSWKGYRDAHVEPDWILIYKLTDKLLRFERTGTHAALFG,284,0.088,0.13,0.218,0.12
P37182,113,QRDIEYSGQYSKDVKLAQKRHKDMNKLKYLMTLLINNTLPLPAVYKDHPLQGSWKGYRDAHVEPDWILIYKLTDKLLRFERTGTHAALFG,162,0.08,0.148,0.228,0.031
P37634,13,QRDIEYSGQYSKDVKLAQKRHKDMNKLKYLMTLLINNTLPLPAVYKDHPLQGSWKGYRDAHVEPDWILIYKLTDKLLRFERTGTHAALFG,279,0.122,0.115,0.237,0.086
P37651,6,QRDIEYSGQYSKDVKLAQKRHKDMNKLKYLMTLLINNTLPLPAVYKDHPLQGSWKGYRDAHVEPDWILIYKLTDKLLRFERTGTHAALFG,337,0.128,0.119,0.247,0.131
P37672,37,QRDIEYSGQYSKDVKLAQKRHKDMNKLKYLMTLLINNTLPLPAVYKDHPLQGSWKGYRDAHVEPDWILIYKLTDKLLRFERTGTHAALFG,331,0.103,0.127,0.23,0.069
P37744,64,QRDIEYSGQYSKDVKLAQKRHKDMNKLKYLMTLLINNTLPLPAVYKDHPLQGSWKGYRDAHVEPDWILIYKLTDKLLRFERTGTHAALFG,290,0.103,0.121,0.224,0.097
P37747,6,QRDIEYSGQYSKDVKLAQKRHKDMNKLKYLMTLLINNTLPLPAVYKDHPLQGSWKGYRDAHVEPDWILIYKLTDKLLRFERTGTHAALFG,367,0.134,0.139,0.273,0.142
P37757,82,QRDIEYSGQYSKDVKLAQKRHKDMNKLKYLMTLLINNTLPLPAVYKDHPLQGSWKGYRDAHVEPDWILIYKLTDKLLRFERTGTHAALFG,295,0.081,0.115,0.196,0.061
P38051,50,QRDIEYSGQYSKDVKLAQKRHKDMNKLKYLMTLLINNTLPLPAVYKDHPLQGSWKGYRDAHVEPDWILIYKLTDKLLRFERTGTHAALFG,429,0.112,0.114,0.226,0.077
P39315,106,QRDIEYSGQYSKDVKLAQKRHKDMNKLKYLMTLLINNTLPLPAVYKDHPLQGSWKGYRDAHVEPDWILIYKLTDKLLRFERTGTHAALFG,283,0.071,0.102,0.173,0.057
P39325,90,QRDIEYSGQYSKDVKLAQKRHKDMNKLKYLMTLLINNTLPLPAVYKDHPLQGSWKGYRDAHVEPDWILIYKLTDKLLRFERTGTHAALFG,296,0.135,0.142,0.277,0.057
P39332,87,QRDIEYSGQYSKDVKLAQKRHKDMNKLKYLMTLLINNTLPLPAVYKDHPLQGSWKGYRDAHVEPDWILIYKLTDKLLRFERTGTHAALFG,130,0.069,0.146,0.215,0.115
P39371,76,QRDIEYSGQYSKDVKLAQKRHKDMNKLKYLMTLLINNTLPLPAVYKDHPLQGSWKGYRDAHVEPDWILIYKLTDKLLRFERTGTHAALFG,349,0.089,0.097,0.186,0.12
P39406,43,QRDIEYSGQYSKDVKLAQKRHKDMNKLKYLMTLLINNTLPLPAVYKDHPLQGSWKGYRDAHVEPDWILIYKLTDKLLRFERTGTHAALFG,333,0.096,0.12,0.216,0.09
P39408,13,QRDIEYSGQYSKDVKLAQKRHKDMNKLKYLMTLLINNTLPLPAVYKDHPLQGSWKGYRDAHVEPDWILIYKLTDKLLRFERTGTHAALFG,259,0.108,0.124,0.232,0.073
P39451,87,QRDIEYSGQYSKDVKLAQKRHKDMNKLKYLMTLLINNTLPLPAVYKDHPLQGSWKGYRDAHVEPDWILIYKLTDKLLRFERTGTHAALFG,336,0.101,0.119,0.22,0.054
P39831,15,QRDIEYSGQYSKDVKLAQKRHKDMNKLKYLMTLLINNTLPLPAVYKDHPLQGSWKGYRDAHVEPDWILIYKLTDKLLRFERTGTHAALFG,240,0.071,0.1,0.171,0.058
P40191,11,QRDIEYSGQYSKDVKLAQKRHKDMNKLKYLMTLLINNTLPLPAVYKDHPLQGSWKGYRDAHVEPDWILIYKLTDKLLRFERTGTHAALFG,279,0.086,0.104,0.19,0.061
P41407,109,QRDIEYSGQYSKDVKLAQKRHKDMNKLKYLMTLLINNTLPLPAVYKDHPLQGSWKGYRDAHVEPDWILIYKLTDKLLRFERTGTHAALFG,200,0.09,0.115,0.205,0.08
P41409,81,QRDIEYSGQYSKDVKLAQKRHKDMNKLKYLMTLLINNTLPLPAVYKDHPLQGSWKGYRDAHVEPDWILIYKLTDKLLRFERTGTHAALFG,312,0.071,0.115,0.186,0.064
P42620,24,QRDIEYSGQYSKDVKLAQKRHKDMNKLKYLMTLLINNTLPLPAVYKDHPLQGSWKGYRDAHVEPDWILIYKLTDKLLRFERTGTHAALFG,327,0.095,0.116,0.211,0.135
P42907,71,QRDIEYSGQYSKDVKLAQKRHKDMNKLKYLMTLLINNTLPLPAVYKDHPLQGSWKGYRDAHVEPDWILIYKLTDKLLRFERTGTHAALFG,381,0.063,0.094,0.157,0.087
P45545,15,QRDIEYSGQYSKDVKLAQKRHKDMNKLKYLMTLLINNTLPLPAVYKDHPLQGSWKGYRDAHVEPDWILIYKLTDKLLRFERTGTHAALFG,360,0.083,0.092,0.175,0.056
P45548,34,QRDIEYSGQYSKDVKLAQKRHKDMNKLKYLMTLLINNTLPLPAVYKDHPLQGSWKGYRDAHVEPDWILIYKLTDKLLRFERTGTHAALFG,291,0.089,0.131,0.22,0.082
P45748,70,QRDIEYSGQYSKDVKLAQKRHKDMNKLKYLMTLLINNTLPLPAVYKDHPLQGSWKGYRDAHVEPDWILIYKLTDKLLRFERTGTHAALFG,186,0.097,0.124,0.221,0.075
P46130,71,QRDIEYSGQYSKDVKLAQKRHKDMNKLKYLMTLLINNTLPLPAVYKDHPLQGSWKGYRDAHVEPDWILIYKLTDKLLRFERTGTHAALFG,397,0.081,0.093,0.174,0.091
P46852,88,QRDIEYSGQYSKDVKLAQKRHKDMNKLKYLMTLLINNTLPLPAVYKDHPLQGSWKGYRDAHVEPDWILIYKLTDKLLRFERTGTHAALFG,238,0.084,0.139,0.223,0.092
P46853,65,QRDIEYSGQYSKDVKLAQKRHKDMNKLKYLMTLLINNTLPLPAVYKDHPLQGSWKGYRDAHVEPDWILIYKLTDKLLRFERTGTHAALFG,344,0.116,0.137,0.253,0.105
P52007,108,QRDIEYSGQYSKDVKLAQKRHKDMNKLKYLMTLLINNTLPLPAVYKDHPLQGSWKGYRDAHVEPDWILIYKLTDKLLRFERTGTHAALFG,190,0.084,0.132,0.216,0.063
P52045,56,QRDIEYSGQYSKDVKLAQKRHKDMNKLKYLMTLLINNTLPLPAVYKDHPLQGSWKGYRDAHVEPDWILIYKLTDKLLRFERTGTHAALFG,261,0.092,0.123,0.215,0.077
P52061,95,QRDIEYSGQYSKDVKLAQKRHKDMNKLKYLMTLLINNTLPLPAVYKDHPLQGSWKGYRDAHVEPDWILIYKLTDKLLRFERTGTHAALFG,209,0.1,0.134,0.234,0.062
P52129,8,QRDIEYSGQYSKDVKLAQKRHKDMNKLKYLMTLLINNTLPLPAVYKDHPLQGSWKGYRDAHVEPDWILIYKLTDKLLRFERTGTHAALFG,353,0.091,0.099,0.19,0.088
P60472,67,QRDIEYSGQYSKDVKLAQKRHKDMNKLKYLMTLLINNTLPLPAVYKDHPLQGSWKGYRDAHVEPDWILIYKLTDKLLRFERTGTHAALFG,223,0.117,0.117,0.234,0.09
P60546,115,QRDIEYSGQYSKDVKLAQKRHKDMNKLKYLMTLLINNTLPLPAVYKDHPLQGSWKGYRDAHVEPDWILIYKLTDKLLRFERTGTHAALFG,205,0.122,0.141,0.263,0.083
P61517,48,QRDIEYSGQYSKDVKLAQKRHKDMNKLKYLMTLLINNTLPLPAVYKDHPLQGSWKGYRDAHVEPDWILIYKLTDKLLRFERTGTHAALFG,214,0.098,0.126,0.224,0.075
P61949,99,QRDIEYSGQYSKDVKLAQKRHKDMNKLKYLMTLLINNTLPLPAVYKDHPLQGSWKGYRDAHVEPDWILIYKLTDKLLRFERTGTHAALFG,175,0.074,0.211,0.285,0.109
P63177,93,QRDIEYSGQYSKDVKLAQKRHKDMNKLKYLMTLLINNTLPLPAVYKDHPLQGSWKGYRDAHVEPDWILIYKLTDKLLRFERTGTHAALFG,242,0.107,0.12,0.227,0.037
P63228,93,QRDIEYSGQYSKDVKLAQKRHKDMNKLKYLMTLLINNTLPLPAVYKDHPLQGSWKGYRDAHVEPDWILIYKLTDKLLRFERTGTHAALFG,182,0.093,0.159,0.252,0.082
P63746,93,QRDIEYSGQYSKDVKLAQKRHKDMNKLKYLMTLLINNTLPLPAVYKDHPLQGSWKGYRDAHVEPDWILIYKLTDKLLRFERTGTHAALFG,109,0.064,0.11,0.174,0.046
P63883,33,QRDIEYSGQYSKDVKLAQKRHKDMNKLKYLMTLLINNTLPLPAVYKDHPLQGSWKGYRDAHVEPDWILIYKLTDKLLRFERTGTHAALFG,379,0.121,0.095,0.216,0.066
P64488,97,QRDIEYSGQYSKDVKLAQKRHKDMNKLKYLMTLLINNTLPLPAVYKDHPLQGSWKGYRDAHVEPDWILIYKLTDKLLRFERTGTHAALFG,108,0.074,0.13,0.204,0.13
P64559,101,QRDIEYSGQYSKDVKLAQKRHKDMNKLKYLMTLLINNTLPLPAVYKDHPLQGSWKGYRDAHVEPDWILIYKLTDKLLRFERTGTHAALFG,89,0.146,0.191,0.337,0.079
P64618,76,QRDIEYSGQYSKDVKLAQKRHKDMNKLKYLMTLLINNTLPLPAVYKDHPLQGSWKGYRDAHVEPDWILIYKLTDKLLRFERTGTHAALFG,89,0.112,0.236,0.348,0.135
P65556,19,QRDIEYSGQYSKDVKLAQKRHKDMNKLKYLMTLLINNTLPLPAVYKDHPLQGSWKGYRDAHVEPDWILIYKLTDKLLRFERTGTHAALFG,161,0.099,0.18,0.279,0.081
P65870,91,QRDIEYSGQYSKDVKLAQKRHKDMNKLKYLMTLLINNTLPLPAVYKDHPLQGSWKGYRDAHVEPDWILIYKLTDKLLRFERTGTHAALFG,117,0.103,0.128,0.231,0.103
P66817,70,QRDIEYSGQYSKDVKLAQKRHKDMNKLKYLMTLLINNTLPLPAVYKDHPLQGSWKGYRDAHVEPDWILIYKLTDKLLRFERTGTHAALFG,193,0.083,0.109,0.192,0.031
P66899,75,QRDIEYSGQYSKDVKLAQKRHKDMNKLKYLMTLLINNTLPLPAVYKDHPLQGSWKGYRDAHVEPDWILIYKLTDKLLRFERTGTHAALFG,398,0.078,0.101,0.179,0.073
P67910,26,QRDIEYSGQYSKDVKLAQKRHKDMNKLKYLMTLLINNTLPLPAVYKDHPLQGSWKGYRDAHVEPDWILIYKLTDKLLRFERTGTHAALFG,307,0.072,0.124,0.196,0.124
P68661,98,QRDIEYSGQYSKDVKLAQKRHKDMNKLKYLMTLLINNTLPLPAVYKDHPLQGSWKGYRDAHVEPDWILIYKLTDKLLRFERTGTHAALFG,90,0.133,0.111,0.244,0.033
P68767,58,QRDIEYSGQYSKDVKLAQKRHKDMNKLKYLMTLLINNTLPLPAVYKDHPLQGSWKGYRDAHVEPDWILIYKLTDKLLRFERTGTHAALFG,503,0.111,0.113,0.224,0.06
P68919,86,QRDIEYSGQYSKDVKLAQKRHKDMNKLKYLMTLLINNTLPLPAVYKDHPLQGSWKGYRDAHVEPDWILIYKLTDKLLRFERTGTHAALFG,94,0.181,0.128,0.309,0.074
P69346,84,QRDIEYSGQYSKDVKLAQKRHKDMNKLKYLMTLLINNTLPLPAVYKDHPLQGSWKGYRDAHVEPDWILIYKLTDKLLRFERTGTHAALFG,86,0.116,0.151,0.267,0.035
P69441,105,QRDIEYSGQYSKDVKLAQKRHKDMNKLKYLMTLLINNTLPLPAVYKDHPLQGSWKGYRDAHVEPDWILIYKLTDKLLRFERTGTHAALFG,214,0.145,0.164,0.309,0.056
P69503,89,QRDIEYSGQYSKDVKLAQKRHKDMNKLKYLMTLLINNTLPLPAVYKDHPLQGSWKGYRDAHVEPDWILIYKLTDKLLRFERTGTHAALFG,182,0.11,0.132,0.242,0.077
P69783,114,QRDIEYSGQYSKDVKLAQKRHKDMNKLKYLMTLLINNTLPLPAVYKDHPLQGSWKGYRDAHVEPDWILIYKLTDKLLRFERTGTHAALFG,150,0.107,0.173,0.28,0.047
P69829,83,QRDIEYSGQYSKDVKLAQKRHKDMNKLKYLMTLLINNTLPLPAVYKDHPLQGSWKGYRDAHVEPDWILIYKLTDKLLRFERTGTHAALFG,150,0.12,0.127,0.247,0.033
P69910,15,QRDIEYSGQYSKDVKLAQKRHKDMNKLKYLMTLLINNTLPLPAVYKDHPLQGSWKGYRDAHVEPDWILIYKLTDKLLRFERTGTHAALFG,438,0.105,0.135,0.24,0.112
P69922,36,QRDIEYSGQYSKDVKLAQKRHKDMNKLKYLMTLLINNTLPLPAVYKDHPLQGSWKGYRDAHVEPDWILIYKLTDKLLRFERTGTHAALFG,591,0.096,0.122,0.218,0.081
P69924,46,QRDIEYSGQYSKDVKLAQKRHKDMNKLKYLMTLLINNTLPLPAVYKDHPLQGSWKGYRDAHVEPDWILIYKLTDKLLRFERTGTHAALFG,339,0.097,0.145,0.242,0.112
P75791,28,QRDIEYSGQYSKDVKLAQKRHKDMNKLKYLMTLLINNTLPLPAVYKDHPLQGSWKGYRDAHVEPDWILIYKLTDKLLRFERTGTHAALFG,416,0.094,0.12,0.214,0.094
P75820,19,QRDIEYSGQYSKDVKLAQKRHKDMNKLKYLMTLLINNTLPLPAVYKDHPLQGSWKGYRDAHVEPDWILIYKLTDKLLRFERTGTHAALFG,257,0.113,0.121,0.234,0.097
P75853,76,QRDIEYSGQYSKDVKLAQKRHKDMNKLKYLMTLLINNTLPLPAVYKDHPLQGSWKGYRDAHVEPDWILIYKLTDKLLRFERTGTHAALFG,308,0.104,0.097,0.201,0.084
P75914,100,QRDIEYSGQYSKDVKLAQKRHKDMNKLKYLMTLLINNTLPLPAVYKDHPLQGSWKGYRDAHVEPDWILIYKLTDKLLRFERTGTHAALFG,244,0.078,0.127,0.205,0.07
P76049,16,QRDIEYSGQYSKDVKLAQKRHKDMNKLKYLMTLLINNTLPLPAVYKDHPLQGSWKGYRDAHVEPDWILIYKLTDKLLRFERTGTHAALFG,306,0.082,0.114,0.196,0.105
P76084,77,QRDIEYSGQYSKDVKLAQKRHKDMNKLKYLMTLLINNTLPLPAVYKDHPLQGSWKGYRDAHVEPDWILIYKLTDKLLRFERTGTHAALFG,130,0.069,0.077,0.146,0.077
P76116,65,QRDIEYSGQYSKDVKLAQKRHKDMNKLKYLMTLLINNTLPLPAVYKDHPLQGSWKGYRDAHVEPDWILIYKLTDKLLRFERTGTHAALFG,321,0.134,0.121,0.255,0.056
P76143,34,QRDIEYSGQYSKDVKLAQKRHKDMNKLKYLMTLLINNTLPLPAVYKDHPLQGSWKGYRDAHVEPDWILIYKLTDKLLRFERTGTHAALFG,280,0.1,0.104,0.204,0.068
P76194,104,QRDIEYSGQYSKDVKLAQKRHKDMNKLKYLMTLLINNTLPLPAVYKDHPLQGSWKGYRDAHVEPDWILIYKLTDKLLRFERTGTHAALFG,144,0.111,0.125,0.236,0.069
P76204,17,QRDIEYSGQYSKDVKLAQKRHKDMNKLKYLMTLLINNTLPLPAVYKDHPLQGSWKGYRDAHVEPDWILIYKLTDKLLRFERTGTHAALFG,236,0.068,0.097,0.165,0.102
P76270,57,QRDIEYSGQYSKDVKLAQKRHKDMNKLKYLMTLLINNTLPLPAVYKDHPLQGSWKGYRDAHVEPDWILIYKLTDKLLRFERTGTHAALFG,159,0.088,0.138,0.226,0.094
P76318,20,QRDIEYSGQYSKDVKLAQKRHKDMNKLKYLMTLLINNTLPLPAVYKDHPLQGSWKGYRDAHVEPDWILIYKLTDKLLRFERTGTHAALFG,220,0.091,0.132,0.223,0.1
P76329,70,QRDIEYSGQYSKDVKLAQKRHKDMNKLKYLMTLLINNTLPLPAVYKDHPLQGSWKGYRDAHVEPDWILIYKLTDKLLRFERTGTHAALFG,232,0.073,0.125,0.198,0.082
P76364,83,QRDIEYSGQYSKDVKLAQKRHKDMNKLKYLMTLLINNTLPLPAVYKDHPLQGSWKGYRDAHVEPDWILIYKLTDKLLRFERTGTHAALFG,109,0.092,0.11,0.202,0.101
P76458,54,QRDIEYSGQYSKDVKLAQKRHKDMNKLKYLMTLLINNTLPLPAVYKDHPLQGSWKGYRDAHVEPDWILIYKLTDKLLRFERTGTHAALFG,219,0.082,0.114,0.196,0.037
P76469,7,QRDIEYSGQYSKDVKLAQKRHKDMNKLKYLMTLLINNTLPLPAVYKDHPLQGSWKGYRDAHVEPDWILIYKLTDKLLRFERTGTHAALFG,256,0.082,0.113,0.195,0.07
P76502,79,QRDIEYSGQYSKDVKLAQKRHKDMNKLKYLMTLLINNTLPLPAVYKDHPLQGSWKGYRDAHVEPDWILIYKLTDKLLRFERTGTHAALFG,156,0.051,0.122,0.173,0.051
P76518,37,QRDIEYSGQYSKDVKLAQKRHKDMNKLKYLMTLLINNTLPLPAVYKDHPLQGSWKGYRDAHVEPDWILIYKLTDKLLRFERTGTHAALFG,375,0.083,0.104,0.187,0.077
P76539,80,QRDIEYSGQYSKDVKLAQKRHKDMNKLKYLMTLLINNTLPLPAVYKDHPLQGSWKGYRDAHVEPDWILIYKLTDKLLRFERTGTHAALFG,140,0.121,0.193,0.314,0.079
P76541,20,QRDIEYSGQYSKDVKLAQKRHKDMNKLKYLMTLLINNTLPLPAVYKDHPLQGSWKGYRDAHVEPDWILIYKLTDKLLRFERTGTHAALFG,214,0.056,0.103,0.159,0.065
P76562,6,QRDIEYSGQYSKDVKLAQKRHKDMNKLKYLMTLLINNTLPLPAVYKDHPLQGSWKGYRDAHVEPDWILIYKLTDKLLRFERTGTHAALFG,669,0.105,0.102,0.207,0.084
P76584,39,QRDIEYSGQYSKDVKLAQKRHKDMNKLKYLMTLLINNTLPLPAVYKDHPLQGSWKGYRDAHVEPDWILIYKLTDKLLRFERTGTHAALFG,291,0.058,0.12,0.178,0.131
P77202,51,QRDIEYSGQYSKDVKLAQKRHKDMNKLKYLMTLLINNTLPLPAVYKDHPLQGSWKGYRDAHVEPDWILIYKLTDKLLRFERTGTHAALFG,229,0.109,0.109,0.218,0.087
P77213,9,QRDIEYSGQYSKDVKLAQKRHKDMNKLKYLMTLLINNTLPLPAVYKDHPLQGSWKGYRDAHVEPDWILIYKLTDKLLRFERTGTHAALFG,368,0.076,0.106,0.182,0.087
P77324,15,QRDIEYSGQYSKDVKLAQKRHKDMNKLKYLMTLLINNTLPLPAVYKDHPLQGSWKGYRDAHVEPDWILIYKLTDKLLRFERTGTHAALFG,316,0.108,0.092,0.2,0.054
P77454,56,QRDIEYSGQYSKDVKLAQKRHKDMNKLKYLMTLLINNTLPLPAVYKDHPLQGSWKGYRDAHVEPDWILIYKLTDKLLRFERTGTHAALFG,309,0.058,0.094,0.152,0.071
P77499,69,QRDIEYSGQYSKDVKLAQKRHKDMNKLKYLMTLLINNTLPLPAVYKDHPLQGSWKGYRDAHVEPDWILIYKLTDKLLRFERTGTHAALFG,244,0.107,0.156,0.263,0.078
P77555,26,QRDIEYSGQYSKDVKLAQKRHKDMNKLKYLMTLLINNTLPLPAVYKDHPLQGSWKGYRDAHVEPDWILIYKLTDKLLRFERTGTHAALFG,337,0.08,0.104,0.184,0.08
P77581,29,QRDIEYSGQYSKDVKLAQKRHKDMNKLKYLMTLLINNTLPLPAVYKDHPLQGSWKGYRDAHVEPDWILIYKLTDKLLRFERTGTHAALFG,400,0.083,0.105,0.188,0.09
P77689,37,QRDIEYSGQYSKDVKLAQKRHKDMNKLKYLMTLLINNTLPLPAVYKDHPLQGSWKGYRDAHVEPDWILIYKLTDKLLRFERTGTHAALFG,413,0.092,0.109,0.201,0.061
P77731,96,QRDIEYSGQYSKDVKLAQKRHKDMNKLKYLMTLLINNTLPLPAVYKDHPLQGSWKGYRDAHVEPDWILIYKLTDKLLRFERTGTHAALFG,159,0.069,0.145,0.214,0.088
P77781,78,QRDIEYSGQYSKDVKLAQKRHKDMNKLKYLMTLLINNTLPLPAVYKDHPLQGSWKGYRDAHVEPDWILIYKLTDKLLRFERTGTHAALFG,136,0.118,0.118,0.236,0.051
P77806,9,QRDIEYSGQYSKDVKLAQKRHKDMNKLKYLMTLLINNTLPLPAVYKDHPLQGSWKGYRDAHVEPDWILIYKLTDKLLRFERTGTHAALFG,382,0.076,0.102,0.178,0.097
P78055,15,QRDIEYSGQYSKDVKLAQKRHKDMNKLKYLMTLLINNTLPLPAVYKDHPLQGSWKGYRDAHVEPDWILIYKLTDKLLRFERTGTHAALFG,220,0.077,0.086,0.163,0.05
P78067,41,QRDIEYSGQYSKDVKLAQKRHKDMNKLKYLMTLLINNTLPLPAVYKDHPLQGSWKGYRDAHVEPDWILIYKLTDKLLRFERTGTHAALFG,412,0.104,0.121,0.225,0.092
Q46822,32,QRDIEYSGQYSKDVKLAQKRHKDMNKLKYLMTLLINNTLPLPAVYKDHPLQGSWKGYRDAHVEPDWILIYKLTDKLLRFERTGTHAALFG,153,0.105,0.118,0.223,0.105
Q46829,70,QRDIEYSGQYSKDVKLAQKRHKDMNKLKYLMTLLINNTLPLPAVYKDHPLQGSWKGYRDAHVEPDWILIYKLTDKLLRFERTGTHAALFG,476,0.116,0.139,0.255,0.149
Q46845,49,QRDIEYSGQYSKDVKLAQKRHKDMNKLKYLMTLLINNTLPLPAVYKDHPLQGSWKGYRDAHVEPDWILIYKLTDKLLRFERTGTHAALFG,284,0.106,0.116,0.222,0.12
Q46851,13,QRDIEYSGQYSKDVKLAQKRHKDMNKLKYLMTLLINNTLPLPAVYKDHPLQGSWKGYRDAHVEPDWILIYKLTDKLLRFERTGTHAALFG,338,0.089,0.101,0.19,0.083
Q46865,74,QRDIEYSGQYSKDVKLAQKRHKDMNKLKYLMTLLINNTLPLPAVYKDHPLQGSWKGYRDAHVEPDWILIYKLTDKLLRFERTGTHAALFG,97,0.124,0.113,0.237,0.082
Q46877,39,QRDIEYSGQYSKDVKLAQKRHKDMNKLKYLMTLLINNTLPLPAVYKDHPLQGSWKGYRDAHVEPDWILIYKLTDKLLRFERTGTHAALFG,399,0.098,0.138,0.236,0.095
Q46891,15,QRDIEYSGQYSKDVKLAQKRHKDMNKLKYLMTLLINNTLPLPAVYKDHPLQGSWKGYRDAHVEPDWILIYKLTDKLLRFERTGTHAALFG,259,0.085,0.139,0.224,0.127
Q46893,67,QRDIEYSGQYSKDVKLAQKRHKDMNKLKYLMTLLINNTLPLPAVYKDHPLQGSWKGYRDAHVEPDWILIYKLTDKLLRFERTGTHAALFG,225,0.102,0.12,0.222,0.049
Q46897,16,QRDIEYSGQYSKDVKLAQKRHKDMNKLKYLMTLLINNTLPLPAVYKDHPLQGSWKGYRDAHVEPDWILIYKLTDKLLRFERTGTHAALFG,199,0.121,0.08,0.201,0.07
Q46925,10,QRDIEYSGQYSKDVKLAQKRHKDMNKLKYLMTLLINNTLPLPAVYKDHPLQGSWKGYRDAHVEPDWILIYKLTDKLLRFERTGTHAALFG,399,0.075,0.103,0.178,0.08
Q46927,69,QRDIEYSGQYSKDVKLAQKRHKDMNKLKYLMTLLINNTLPLPAVYKDHPLQGSWKGYRDAHVEPDWILIYKLTDKLLRFERTGTHAALFG,266,0.105,0.086,0.191,0.06
Q46948,56,QRDIEYSGQYSKDVKLAQKRHKDMNKLKYLMTLLINNTLPLPAVYKDHPLQGSWKGYRDAHVEPDWILIYKLTDKLLRFERTGTHAALFG,195,0.092,0.118,0.21,0.056
Q47150,83,QRDIEYSGQYSKDVKLAQKRHKDMNKLKYLMTLLINNTLPLPAVYKDHPLQGSWKGYRDAHVEPDWILIYKLTDKLLRFERTGTHAALFG,84,0.143,0.167,0.31,0.036
Q47690,98,QRDIEYSGQYSKDVKLAQKRHKDMNKLKYLMTLLINNTLPLPAVYKDHPLQGSWKGYRDAHVEPDWILIYKLTDKLLRFERTGTHAALFG,306,0.075,0.108,0.183,0.069
Q8X6R9,30,QRDIEYSGQYSKDVKLAQKRHKDMNKLKYLMTLLINNTLPLPAVYKDHPLQGSWKGYRDAHVEPDWILIYKLTDKLLRFERTGTHAALFG,249,0.1,0.12,0.22,0.068
Q93K97,58,QRDIEYSGQYSKDVKLAQKRHKDMNKLKYLMTLLINNTLPLPAVYKDHPLQGSWKGYRDAHVEPDWILIYKLTDKLLRFERTGTHAALFG,202,0.104,0.168,0.272,0.079
